Column 1,Column 2,Column 3,Column 4,Column 5,Column 6
PASAR CARIU,BOGOR,PEMERINTAH DAERAH,PASAR TRADISIONAL,JL TRANSYOGI CIANJUR RT 08/03.,CARIU
PASAR CIGOMBONG,BOGOR,PEMERINTAH DAERAH,PASAR TRADISIONAL,DESA CIGOMBONG,CIGOMBONG
PASAR CIKRETEG,BOGOR,PEMERINTAH DAERAH,PASAR TRADISIONAL,JL PASAR CIKERETEG RT 01/04 NO 34. KODE POS: 16730.,CARINGIN
PASAR CIAWI,BOGOR,PEMERINTAH DAERAH,PASAR TRADISIONAL,JL RAYA SUKABUMI-CIAWI. KODE POS: 16720.,CIAWI
PASAR CISARUA,BOGOR,PEMERINTAH DAERAH,PASAR TRADISIONAL,RT 03/RW 03 DESA CITEKO. KODE POS: 16750.,CISARUA
PASAR CILUAR,BOGOR,PEMERINTAH DAERAH,PASAR TRADISIONAL,JL CIJUJUNG RT 02/RW 04.,SUKARAJA
PASAR TRADISIONAL BABAKAN MADANG,BOGOR,PEMERINTAH DAERAH,PASAR TRADISIONAL,"JL RAYA BABAKAN MADANG NO.89, CITARINGGUL, KEC. BABAKAN MADANG, BOGOR 16810",BABAKAN MADANG
PASAR JONGGOL,BOGOR,PEMERINTAH DAERAH,PASAR TRADISIONAL,JL RAYA JONGGOL KP POJOK SALAK RT 02 / RW 08. KODE POS: 16830. NOMOR TELPON: (021)89931285. NOMOR FAX: (021)89933567. EMAIL: PENGELOLAJONGGOL@GMAIL.COM.,JONGGOL
PASAR CILEUNGSI,BOGOR,PEMERINTAH DAERAH,PASAR TRADISIONAL,JL NAROGONG RT 03 / RW 04. KODE POS: 16820.,CILEUNGSI
PASAR CITEUREUP I,BOGOR,PEMERINTAH DAERAH,PASAR TRADISIONAL,JL MAYOR OKING JAYA ATMAJA RT 02 / RW 03. KODE POS: 16810.,CITEUREUP
PASAR CITAYAM,BOGOR,PEMERINTAH DAERAH,PASAR TRADISIONAL,JL RAYA CITAYAM KELURAHAN PABUARAN KEC. BOJONG GEDE .,BOJONG GEDE
PASAR PARUNG,BOGOR,PEMERINTAH DAERAH,PASAR TRADISIONAL,DESA WARU RT 06 / RW 03. KODE POS: 16330.,PARUNG
PASAR CISEENG,BOGOR,PEMERINTAH DAERAH,PASAR TRADISIONAL,DESA PARIGI MEKAR RT 06 / RW 02 .,CISEENG
PASAR PARUNGPUNG,BOGOR,PEMERINTAH DAERAH,PASAR TRADISIONAL,DESA GUNUNG SINDUR RT 02/RW 03. KODE POS: 16340. NOMOR TELPON: 085717183033.,GUNUNG SINDUR
PASAR CICANGKAL,BOGOR,PEMERINTAH DAERAH,PASAR TRADISIONAL,JL RAYA CICANGKAL. NOMOR TELPON: 083808887069.,RUMPIN
PASAR CIGUDEG,BOGOR,PEMERINTAH DAERAH,PASAR TRADISIONAL,JL RAYA BOGOR-JASINGA KM 42 RT 06 / RW 02. KODE POS: 16660.,CIGUDEG
PASAR JASINGA,BOGOR,PEMERINTAH DAERAH,PASAR TRADISIONAL,PASAR TRADISIONAL SIPAK RT 04/RW 06 DESA SIPAK. KODE POS: 16670.,JASINGA
PASAR PARUNG PANJANG,BOGOR,PEMERINTAH DAERAH,PASAR TRADISIONAL,JL MOH TOHA.,PARUNG PANJANG
PASAR SALASA,BOGOR,PERORANGAN/TIDAK ADA PENGELOLA,PASAR TRADISIONAL,KP PASAR SALASA RT 01/RW 06. KODE POS: 16620.,CIAMPEA
PASAR CIOMAS,BOGOR,PERORANGAN/TIDAK ADA PENGELOLA,PASAR TRADISIONAL,JL RAYA CIOMAS . KODE POS: 16610.,CIOMAS
PASAR ASRI,BOGOR,PERORANGAN/TIDAK ADA PENGELOLA,PASAR TRADISIONAL,KP CIBEUREUM RT 01/09. KODE POS: 16750. NOMOR TELPON: 08571483373.,CISARUA
PASAR DAYEUH,BOGOR,PEMERINTAH DAERAH,PASAR TRADISIONAL,KP DAYEUH DS SUKANEGARA JONGGOL-BOGOR . KODE POS: 16830.,JONGGOL
PASAR CITEUREUP II,BOGOR,PEMERINTAH DAERAH,PASAR TRADISIONAL,JL MAYOR OKING RT 01 / RW 03. KODE POS: 16810. EMAIL: PD.PASARTOHAGA@YAHOO.COM.,CITEUREUP
PASAR CIBINONG,BOGOR,PEMERINTAH DAERAH,PASAR TRADISIONAL,JL MAYOR OKING . KODE POS: 16917. NOMOR TELPON: (021)87905957.,CIBINONG
PASAR BOJONG GEDE,BOGOR,PEMERINTAH DAERAH,PASAR TRADISIONAL,BOJONG GEDE-BOGOR. KODE POS: 16320.,BOJONG GEDE
PASAR RAYA PAYUNG,BOGOR,SWASTA,PASAR TRADISIONAL,KP JATI RT 01/RW 05. KODE POS: 16330. NOMOR TELPON: (0251)8601948. NOMOR FAX: (0251)8601948.,PARUNG
PASAR NYUNGCUNG,BOGOR,PERORANGAN/TIDAK ADA PENGELOLA,PASAR TRADISIONAL,JL H. SAN LAWI. KODE POS: 16350.,RUMPIN
PASAR NANGGUNG,BOGOR,PEMERINTAH DAERAH,PASAR TRADISIONAL,NANGGUNG RT 03/RW 01.,NANGGUNG
PASAR LEUWILIANG,BOGOR,PEMERINTAH DAERAH,PASAR TRADISIONAL,DESA LEUWILIANG RT 02 / RW 02. KODE POS: 16640.,LEUWILIANG
PASAR CIMAYANG,BOGOR,PEMERINTAH DAERAH,PASAR TRADISIONAL,KAMPUNG CIMAYANG PASAR RT 04 / RW 02.,PAMIJAHAN
PASAR CIAMPEA,BOGOR,PEMERINTAH DAERAH,PASAR TRADISIONAL,JL LETNAN SUKARNA. KODE POS: 16620. NOMOR TELPON: 081294333332.,CIAMPEA
PASAR LALADON,BOGOR,PEMERINTAH DAERAH,PASAR TRADISIONAL,JL RAYA LALADON. KODE POS: 16610.,CIOMAS
PASAR WARUNGKIARA,SUKABUMI,SWASTA,PASAR TRADISIONAL,KAMPUNG CIGOMBONG RT 4 RW 4. KODE POS: 43362.,WARUNG KIARA
PASAR SUKATANI,SUKABUMI,PEMERINTAH DAERAH,PASAR TRADISIONAL,DESA SUKATANI,SURADE
PASAR CIBADAK,SUKABUMI,PEMERINTAH DAERAH,PASAR TRADISIONAL,JL SURYA KENCANA .,CIBADAK
PASAR CIAMBAR,SUKABUMI,PEMERINTAH DAERAH,PASAR TRADISIONAL,"KP. PASIR ANGIN, RT 005/009",CIAMBAR
PASAR PARSAL / SUKA TANI,SUKABUMI,PEMERINTAH DAERAH,PASAR TRADISIONAL,KAMP. LENGLANGSARI DESA PARAKAN SALAK,PARAKAN SALAK
PASAR BOJONG GENTENG,SUKABUMI,PERORANGAN/TIDAK ADA PENGELOLA,PASAR TRADISIONAL,KP BOJONGGENTENG RT 2 RW 1. KODE POS: 43353.,BOJONG GENTENG
PASAR CISOLOK,SUKABUMI,PEMERINTAH DAERAH,PASAR TRADISIONAL,JL RAYA CISOLOK RT 3 RW 2. KODE POS: 43366.,CISOLOK
PASAR PASIR IPIS,SUKABUMI,PEMERINTAH DAERAH,PASAR TRADISIONAL,DESA PASIR IPIS,SURADE
PASAR CIKEMBANG RAYA (SUKAMULYA),SUKABUMI,SWASTA,PASAR TRADISIONAL,JL PERINTIS KEMERDEKAAN KP KEBONJERUK RT 6 RW 3. KODE POS: 43157.,CIKEMBAR
PASAR CITANGLAR,SUKABUMI,PEMERINTAH DAERAH,PASAR TRADISIONAL,DESA CITANGLAR,SURADE
PASAR SURADE,SUKABUMI,PEMERINTAH DAERAH,PASAR TRADISIONAL,KELURAHAN SURADE.,SURADE
PASAR BANYU MURNI,SUKABUMI,PEMERINTAH DAERAH,PASAR TRADISIONAL,KP. BABAKAN BARU RT. 013/03. KODE POS: 43172.,CIBITUNG
PASAR JAMPANG KULON,SUKABUMI,PEMERINTAH DAERAH,PASAR TRADISIONAL,JL SITUHIANG. KODE POS: 43178.,JAMPANG KULON
PASAR KERTARAHARJA PANGLESERAN,SUKABUMI,SWASTA,PASAR TRADISIONAL,KP KERTARAHARJA RT 02 RW 2,CIKEMBAR
PASAR CIMANGGU,SUKABUMI,SWASTA,PASAR TRADISIONAL,"KP CIMANGGU -7,25099 106,67121.",CIMANGGU
PASAR KALI BUNDER,SUKABUMI,PEMERINTAH DAERAH,PASAR TRADISIONAL,JL RAYA KALIBUNDER . KODE POS: 43185.,KALI BUNDER
PASAR KARANG ANYAR,SUKABUMI,PEMERINTAH DAERAH,PASAR TRADISIONAL,JL RAYA TEGAL BULEUD - SAGARLANTEN. KP KARANGANYAR. KODE POS: 43183.,TEGAL BULEUD
PASAR BOJONG HAUR,SUKABUMI,PERORANGAN/TIDAK ADA PENGELOLA,PASAR TRADISIONAL,KP BOJONGHAUR RT 11/3. KODE POS: 43174.,LENGKONG
PASAR PELABUHAN RATU (SEMI MODERN),SUKABUMI,PEMERINTAH DAERAH,PASAR TRADISIONAL,KOMPLEK PASAR SEMI MODERN. KODE POS: 43362.,PALABUHANRATU
PASAR BOJONG LOPANG,SUKABUMI,PEMERINTAH DAERAH,PASAR TRADISIONAL,BOJONG LOPANG RT 25 RW 05,JAMPANG TENGAH
PASAR PURABAYA,SUKABUMI,PERORANGAN/TIDAK ADA PENGELOLA,PASAR TRADISIONAL,JL PURABAYA KM 36 RT 4 RW 1. KODE POS: 43178.,PURABAYA
PASAR SWADAYA DAYA BHAKTI PANGLESERAN,SUKABUMI,SWASTA,PASAR TRADISIONAL,KP KERTARAHARJA RT 1 RW 2. KODE POS: 43157.,CIKEMBAR
PASAR NYALINDUNG,SUKABUMI,PEMERINTAH DAERAH,PASAR TRADISIONAL,KP NYALINDUNG RT 2 RW 2. KODE POS: 43196.,NYALINDUNG
PASAR GEGERBITUNG,SUKABUMI,PEMERINTAH DAERAH,PASAR TRADISIONAL,JL VETERAN . KODE POS: 43197.,GEGER BITUNG
PASAR SUKARAJA,SUKABUMI,PEMERINTAH DAERAH,PASAR TRADISIONAL,KP. BARU RT 05 RW 04 DESA PASIRHALANG,SUKARAJA
PASAR CISAAT (SEMI MODERN),SUKABUMI,PEMERINTAH DAERAH,PASAR TRADISIONAL,JL KADUDAMPIT . KODE POS: 43152.,CISAAT
PASAR CIRANJANG,CIANJUR,PEMERINTAH DAERAH,PASAR TRADISIONAL,JL RAYA CIJATI,CIRANJANG
PASAR SINDANGBARANG,CIANJUR,PEMERINTAH DAERAH,PASAR TRADISIONAL,JL RAYA SINDANG BARANG. KODE POS: 43272.,SINDANGBARANG
PASAR CIDAUN,CIANJUR,PEMERINTAH DAERAH,PASAR TRADISIONAL,JL RAYA CIDAUN,CIDAUN
PASAR CIBINONG,CIANJUR,PERORANGAN/TIDAK ADA PENGELOLA,PASAR TRADISIONAL,JL RAYA CIBINONG,CIBINONG
PASAR TANGGEUNG,CIANJUR,PEMERINTAH DAERAH,PASAR TRADISIONAL,DESA TANGGEUNG KEC TANGGEUNG,TANGGEUNG
PASAR KUBANG,CIANJUR,PEMERINTAH DAERAH,PASAR TRADISIONAL,KP KUBANG. KODE POS: 43261,PASIRKUDA
PASAR PADA ASIH,CIANJUR,PEMERINTAH DAERAH,PASAR TRADISIONAL,KP CIBURANG /SIRNABAKTI RT.02 RW. 01. KODE POS: 43277.,CIJATI
PASAR SUKANAGARA,CIANJUR,PEMERINTAH DAERAH,PASAR TRADISIONAL,JL RAYA SUKANAGARA. KODE POS: 43264.,SUKANAGARA
PASAR PAGELARAN,CIANJUR,PEMERINTAH DAERAH,PASAR TRADISIONAL,JL RAYA PAGELARAN. KODE POS: 43266.,PAGELARAN
PASAR CIBEBER,CIANJUR,PEMERINTAH DAERAH,PASAR TRADISIONAL,JL RAYA CIBEBER. KODE POS: 43262.,CIBEBER
PASAR WARUNG KONDANG,CIANJUR,PEMERINTAH DAERAH,PASAR TRADISIONAL,JL CILAKU,WARUNGKONDANG
PASAR GEKBRONG,CIANJUR,PERORANGAN/TIDAK ADA PENGELOLA,PASAR TRADISIONAL,JL RAYA SUKABUMI-CIANJUR KM 15. KODE POS: 43256,GEKBRONG
PASAR INDUK CIANJUR,CIANJUR,PEMERINTAH DAERAH,PASAR TRADISIONAL,JL PERINTIS KEMERDEKAAN. KODE POS: 43285. NOMOR TELPON: 087879667188.,CILAKU
PASAR TAMAN ALBAR (TA),CIANJUR,PEMERINTAH DAERAH,PASAR TRADISIONAL,KP. BOJONGPICUNG RT3/RW2 DESA BOJONGPICUNG. KODE POS: 43283.,BOJONGPICUNG
KOMPLEK KIOS PRAMUKA CIANJUR,CIANJUR,SWASTA,PASAR TRADISIONAL,KP MEKARSARI RT5/RW3. KODE POS: 43281.,KARANGTENGAH
PASAR MANGUNKERTA,CIANJUR,PEMERINTAH DAERAH,PASAR TRADISIONAL,DESA MANGUNKERTA KEC CUGENANG,CUGENANG
PASAR CIGOMBONG,CIANJUR,PERORANGAN/TIDAK ADA PENGELOLA,PASAR TRADISIONAL,JL RAYA CIHERANG. KODE POS: 43253. NOMOR TELPON: 081910680548.,PACET
PASAR CIPANAS,CIANJUR,PEMERINTAH DAERAH,PASAR TRADISIONAL,JL RAYA CIPANAS,CIPANAS
PASAR GSP SUKARESMI,CIANJUR,PEMERINTAH DAERAH,PASAR TRADISIONAL,DESA CIBADAK KEC SUKARESMI,SUKARESMI
PASAR CIKALONG KULON,CIANJUR,PEMERINTAH DAERAH,PASAR TRADISIONAL,JL RAYA MALEBER. KODE POS: 43291,CIKALONGKULON
PASAR BOJONG LARANG,CIANJUR,PEMERINTAH DAERAH,PASAR TRADISIONAL,JL RAYA BOJONG LARANG . RT 01 /RW 01. KODE POS: 43261.,CIJATI
PASAR DERMAGA,CIANJUR,PEMERINTAH DAERAH,PASAR TRADISIONAL,KP. DERMAGA RT3/RW5 DS NEGLASARI. KODE POS: 43283.,BOJONGPICUNG
PASAR DESA SUKAMANAH,CIANJUR,PEMERINTAH DAERAH,PASAR TRADISIONAL,KP LELES RT2/RW1 DESA SUKAMANAH. KODE POS: 43281.,KARANGTENGAH
PASAR MUKA CIANJUR,CIANJUR,PEMERINTAH DAERAH,PASAR TRADISIONAL,JL DR MUWARDI.,CIANJUR
PASAR SEHAT SABILULUNGAN,BANDUNG,SWASTA,PASAR TRADISIONAL,"CICALENGKA WETAN, KEC. CICALENGKA, BANDUNG 40395",CICALENGKA
PASAR CIWIDEY,BANDUNG,PEMERINTAH DAERAH,PASAR TRADISIONAL,"JL RAYA CIWIDEY, BLOK CIBEUREUM LANTAI 2 BLOK A NO 1-2. KODE POS: 40973.",CIWIDEY
"PASAR SUKAMANAH, PANGALENGAN",BANDUNG,PEMERINTAH DAERAH,PASAR TRADISIONAL,"SUKAMANAH, PANGALENGAN, BANDUNG 40378",PANGALENGAN
PASAR MARUYUNG,BANDUNG,PEMERINTAH DAERAH,PASAR TRADISIONAL,"JL RAYA PACET NO.73, MARUYUNG, PACET, BANDUNG 40385",PACET
PASAR SWAMANDIRI CIKANCUNG,BANDUNG,PERORANGAN/TIDAK ADA PENGELOLA,PASAR TRADISIONAL,"JL RAYA CIKANCUNG, NO. 165, CIKASUNGKA, CICALENGKA, KOMPLEK PASAR CIKANCUNG, CIKASUNGKA, CIKANCUNG, BANDUNG 40396",CIKANCUNG
PASAR TRADISIONAL CIPARAY,BANDUNG,PEMERINTAH DAERAH,PASAR TRADISIONAL,JL PS TIMUR NO 109. KODE POS: 40381,CIPARAY
PASAR BALEENDAH,BANDUNG,PEMERINTAH DAERAH,PASAR TRADISIONAL,JL SILIWANGI RW 22. KODE POS: 40375,BALEENDAH
PASAR ARJASARI,BANDUNG,PEMERINTAH DAERAH,PASAR TRADISIONAL,-DESA ARJASARI,ARJASARI
PASAR BANJARAN,BANDUNG,PEMERINTAH DAERAH,PASAR TRADISIONAL,JL PASAR BARAT RT 01 RW 01. KODE POS: 40377.,BANJARAN
PASAR SOREANG,BANDUNG,PEMERINTAH DAERAH,PASAR TRADISIONAL,JL RAYA SOREANG KM 18,SOREANG
PASAR SENEN CANTILAN,BANDUNG,PEMERINTAH PUSAT,PASAR TRADISIONAL,"JATI BUNIKASIH, JATISARI, KUTAWARINGIN, BANDUNG 40911",KUTAWARINGIN
PASAR DAYEUHKOLOT,BANDUNG,PERORANGAN/TIDAK ADA PENGELOLA,PASAR TRADISIONAL,"NO., JL RAYA DAYEUHKOLOT NO.330, DAYEUHKOLOT, KEC. DAYEUHKOLOT, BANDUNG 40258",DAYEUHKOLOT
PASAR DADAKAN SETIAP MINGGU PAGI,BANDUNG,SWASTA,PASAR TRADISIONAL,"JL PASIRJATI UTAMA NO.1, JATIENDAH, CILENGKRANG, BANDUNG 40616",CILENGKRANG
PASAR DENGDEK PANGALENGAN,BANDUNG,PEMERINTAH DAERAH,PASAR TRADISIONAL,"JL RAYA PANGALENGAN, PANGALENGAN, BANDUNG 40378",PANGALENGAN
PASAR BARU CIBEUREUM,BANDUNG,PEMERINTAH PUSAT,PASAR TRADISIONAL,"CIBEUREUM, KERTASARI, BANDUNG 40386",KERTASARI
PASAR WAHANA KARYA RANCAEKEK,BANDUNG,SWASTA,PASAR TRADISIONAL,"JL RAYA MAJALAYA - RANCAEKEK NO.185, RANCAEKEK WETAN, KEC. RANCAEKEK, BANDUNG 40394",RANCAEKEK
PASAR JUNTI KATAPANG,BANDUNG,PEMERINTAH DAERAH,PASAR TRADISIONAL,"JL KATAPANG KULON, SANGKANHURIP, KEC. KATAPANG, BANDUNG 40921",KATAPANG
PASAR SEGAR,BANDUNG,PEMERINTAH PUSAT,PASAR TRADISIONAL,TAMAN KOPO INDAH II BLOK I NO 3. KODE POS: 40226. NOMOR TELPON: 0225406699. WEBSITE: PASARSEGARBDG@GMAIL.COM,MARGAHAYU
PASAR CIBIUK,BANDUNG,PERORANGAN/TIDAK ADA PENGELOLA,PASAR TRADISIONAL,"JL CIBIUK PERBAS NO.5, PASAWAHAN, KEC. DAYEUHKOLOT, BANDUNG 40256",DAYEUHKOLOT
PASAR MAJALAYA,BANDUNG,PEMERINTAH DAERAH,PASAR TRADISIONAL,JL CIPAKU MAJALAYA. KODE POS: 40382.,MAJALAYA
MITRA BARU PASAR RAYA BANJARAN,BANDUNG,SWASTA,PASAR TRADISIONAL,JL BANJARAN NO. 156. KODE POS: 40377. NOMOR TELPON: (022) 5940391.,BANJARAN
PASAR MARGAASIH/MEKARRAHAYU,BANDUNG,PEMERINTAH DAERAH,PASAR TRADISIONAL,JL MANGLID. KODE POS: 40218.,MARGAASIH
PASAR DESA CANGKUANG KULON,BANDUNG,PERORANGAN/TIDAK ADA PENGELOLA,PASAR TRADISIONAL,"JL BARU RAYA NO.28, CANGKUANG KULON, KEC. DAYEUHKOLOT, BANDUNG 40239",DAYEUHKOLOT
PASAR SEHAT CILEUNYI,BANDUNG,PEMERINTAH DAERAH,PASAR TRADISIONAL,"CILEUNYI WETAN, CILEUNYI, BANDUNG 40622",CILEUNYI
PASAR WANGISAGARA,BANDUNG,PEMERINTAH DAERAH,PASAR TRADISIONAL,"JL WANGISAGARA NO.334, WANGISAGARA, MAJALAYA, BANDUNG 40392",MAJALAYA
PASAR TONGGENG,BANDUNG,PERORANGAN/TIDAK ADA PENGELOLA,PASAR TRADISIONAL,"JL BABAKAN SADANG, BALEENDAH, KEC. BALEENDAH, BANDUNG 40375",BALEENDAH
PASAR DOMBA BANJARAN,BANDUNG,PEMERINTAH DAERAH,PASAR TRADISIONAL,"PASAR, BANJARAN, BANDUNG KODEPOS 40377",BANJARAN
PASAR SWAMANDIRI DIMENSI,BANDUNG,SWASTA,PASAR TRADISIONAL,"JL RAYA NANJUNG NO.9, MARGAASIH, KEC. MARGAASIH, BANDUNG 40215",MARGAASIH
PASAR MINGGU MANGLAYANG,BANDUNG,PERORANGAN/TIDAK ADA PENGELOLA,PASAR TRADISIONAL,"CIMEKAR, CILEUNYI, BANDUNG 40623",CILEUNYI
PASAR STASION,BANDUNG,PEMERINTAH DAERAH,PASAR TRADISIONAL,"JL STASION, MAJALAYA, BANDUNG 40392",MAJALAYA
PASAR RANCAMANYAR,BANDUNG,PEMERINTAH DAERAH,PASAR TRADISIONAL,"RANCAMANYAR, KEC. BALEENDAH, BANDUNG 40375",BALEENDAH
PASAR SAYATI,BANDUNG,PERORANGAN/TIDAK ADA PENGELOLA,PASAR TRADISIONAL,"JL KOPO SAYATI, SAYATI, KEC. MARGAHAYU, BANDUNG 40228",MARGAHAYU
PASAR LOAK PAJAGALAN MAJALAYA,BANDUNG,PERORANGAN/TIDAK ADA PENGELOLA,PASAR TRADISIONAL,"MAJAKERTA, MAJALAYA, BANDUNG 40392",MAJALAYA
PASAR CILIMUS,GARUT,PEMERINTAH DAERAH,PASAR TRADISIONAL,JL RAYA BAYONGBONG. KODE POS: 44162.,BAYONGBONG
PASAR CIRAPUHAN,GARUT,PEMERINTAH DAERAH,PASAR TRADISIONAL,KP CIRAPUHAN RT 01/RW 011. KODE POS: 44187. NOMOR TELPON: 082240572228. EMAIL: BUMDESA.CIRAPUHAN@GMAIL.COM.,SELAAWI
PASAR LEWO,GARUT,PEMERINTAH DAERAH,PASAR TRADISIONAL,JL ST.K.A BUMI WALUYA,MALANGBONG
PASAR PAJAGALAN MANDALAGIRI,GARUT,PEMERINTAH DAERAH,PASAR TRADISIONAL,JL MANDALAGIRI KODE POS: 44116,GARUT KOTA
PASAR DESA CISEWU,GARUT,PEMERINTAH DAERAH,PASAR TRADISIONAL,DESA SUKAJAYA,CISEWU
PASAR DESA PURBAYANI,GARUT,PEMERINTAH DAERAH,PASAR TRADISIONAL,DESA PURBAYANI,CARINGIN
PASAR DESA SELAAWI,GARUT,PEMERINTAH DAERAH,PASAR TRADISIONAL,DESA SELAAWI,TALEGONG
PASAR DESA BUNGBULANG,GARUT,PEMERINTAH DAERAH,PASAR TRADISIONAL,DESA BUNGBULANG,BUNGBULANG
PASAR DESA PAKENJENG,GARUT,PEMERINTAH DAERAH,PASAR TRADISIONAL,JL PAMULIHAN,PAMULIHAN
PASAR PAMEUNGPEUK,GARUT,PEMERINTAH DAERAH,PASAR TRADISIONAL,KP CIGODEG. KODE POS: 44175.,PAMEUNGPEUK
PASAR CIBODAS,GARUT,PEMERINTAH DAERAH,PASAR TRADISIONAL,JL RAYA SIMPANG-SAMARANG NO 5. KODE POS: 44162,BAYONGBONG
PASAR DESA CISOMPET,GARUT,PEMERINTAH DAERAH,PASAR TRADISIONAL,DESA CISOMPET,CISOMPET
PASAR DESA SINGAJAYA,GARUT,PEMERINTAH DAERAH,PASAR TRADISIONAL,DESA SINGAJAYA,SINGAJAYA
PASAR CIHURIP,GARUT,PEMERINTAH DAERAH,PASAR TRADISIONAL,KP PASANGRAHAN RW01. KODE POS: 44173.,CIHURIP
PASAR CIKAJANG,GARUT,PEMERINTAH DAERAH,PASAR TRADISIONAL,KOMPLEK PASAR CIKAJANG. KODE POS: 44162. NOMOR TELPON: 085321601319.,CIKAJANG
PASAR SEHAT GENTENG,GARUT,PEMERINTAH DAERAH,PASAR TRADISIONAL,KP GENTENG 01/08. KODE POS: 44181.,CILAWU
PASAR BOJONGLOA,GARUT,PEMERINTAH DAERAH,PASAR TRADISIONAL,KP BOJONGLOA PASAR RT 03/ 03. KODE POS: 44181.,CILAWU
PASAR ANDIR BAYONGBONG,GARUT,PEMERINTAH DAERAH,PASAR TRADISIONAL,JL RAYA SAMARANG BAYONGBONG. KODE POS: 44162.,BAYONGBONG
PASAR CISURUPAN,GARUT,PEMERINTAH DAERAH,PASAR TRADISIONAL,JL RAYA CISURUPAN. KODE POS: 44163. NOMOR TELPON: 085321536973.,CISURUPAN
PASAR SAMARANG,GARUT,PEMERINTAH DAERAH,PASAR TRADISIONAL,JL RAYA SAMARANG. KODE POS: 44161. NOMOR TELPON: 085223686090,SAMARANG
PASAR PASIRW ANGI,GARUT,PEMERINTAH DAERAH,PASAR TRADISIONAL,JL RAYA PASIRWANGI. KODE POS: 44161. NOMOR TELPON: 085320427254,PASIRWANGI
PASAR GUNTUR,GARUT,PEMERINTAH DAERAH,PASAR TRADISIONAL,"JL MERDEKA, HAURPANGGUNG, KEC. TAROGONG KIDUL 44151",TAROGONG KIDUL
PASAR CIMURAH,GARUT,PEMERINTAH DAERAH,PASAR TRADISIONAL,JL RAYA KARANGPAWITAN NO 134. KODE POS: 44182. NOMOR TELPON: 08522804132.,KARANGPAWITAN
PASAR WANARAJA,GARUT,PEMERINTAH DAERAH,PASAR TRADISIONAL,JL RAYA WANARAJA. KODE POS: 44183.,WANARAJA
PASAR DESA SUKAMUKTI,GARUT,PEMERINTAH DAERAH,PASAR TRADISIONAL,KP CIKANTONG RT 01/ RW 04. KODE POS: 44184. NOMOR TELPON: (0262)2840582.,SUKAWENING
PASAR SUKARATU,GARUT,PEMERINTAH DAERAH,PASAR TRADISIONAL,JL RAYA BANDUNG-TASIKMALAYA KM 57. KODE POS: 44188. NOMOR TELPON: 085221598415.,MALANGBONG
PASAR DESA BANYURESMI,GARUT,PEMERINTAH DAERAH,PASAR TRADISIONAL,JL KH HASAN ARIF,BANYURESMI
PASAR LELES,GARUT,PEMERINTAH DAERAH,PASAR TRADISIONAL,JL RAYA LELES. KODE POS: 44152.,LELES
PASAR DESA LEUWIGOONG,GARUT,PEMERINTAH DAERAH,PASAR TRADISIONAL,KP PASAR RT 01/ RW 01. KODE POS: 44192.,LEUWIGOONG
PASAR DESA CIBATU,GARUT,PEMERINTAH DAERAH,PASAR TRADISIONAL,JL RAYA CIBATU,CIBATU
PASAR BANDREK,GARUT,PEMERINTAH DAERAH,PASAR TRADISIONAL,JL RAYA BANDREK . KODE POS: 44185. NOMOR TELPON: 082129820537.,KERSAMANAH
PASAR LIMBANGAN,GARUT,PEMERINTAH DAERAH,PASAR TRADISIONAL,JL RAYA BANDUNG-TASIK KP. SINDANG ANOM RT 03/ RW 02. KODE POS: 44186.,BLUBUR LIMBANGAN
PASAR CUKANGKAWUNG,TASIKMALAYA,PEMERINTAH DAERAH,PASAR TRADISIONAL,KP. CUKANGKAWUNG RT 02 RW 01,SODONGHILIR
PASAR REBO DESA CIHERAS,TASIKMALAYA,PEMERINTAH DAERAH,PASAR TRADISIONAL,JL BUBUJUNG KP PASAR REBO RT 03/01. KODE POS: 46189.,CIPATUJAH
PASAR RANCABAKUNG,TASIKMALAYA,PEMERINTAH DAERAH,PASAR TRADISIONAL,RANCABAKUNG RT 07/ RW 05.,KARANGNUNGGAL
PASAR CIKALONG,TASIKMALAYA,PEMERINTAH DAERAH,PASAR TRADISIONAL,KP. CILUTUNG RT 03/01. KODE POS: 46195. NOMOR TELPON: 082128006200.,CIKALONG
PASAR DESA CIBUNIASIH,TASIKMALAYA,PEMERINTAH DAERAH,PASAR TRADISIONAL,KP. CIBUNIASIH . KODE POS: 46194.,PANCATENGAH
PASAR GUNUNGSARI,TASIKMALAYA,PEMERINTAH DAERAH,PASAR TRADISIONAL,KP GUNUNG GOONG RT 02/RW 01. KODE POS: 46193,CIKATOMAS
PASAR CIBALONG,TASIKMALAYA,PEMERINTAH DAERAH,PASAR TRADISIONAL,KP SUKASUKUR RT 03/RW 01 . KODE POS: 46185.,CIBALONG
PASAR JANUTI,TASIKMALAYA,PEMERINTAH DAERAH,PASAR TRADISIONAL,KP.JANUTI RT.03 RW.03 DS.BURUJULJAYA KEC.PARUNGPONTENG,PARUNGPONTENG
PASAR SIMPANG,TASIKMALAYA,PEMERINTAH DAERAH,PASAR TRADISIONAL,JL RAYA SIMPANG-TASIKMALAYA TERMINAL BIS SIMPANG. KODE POS: 46187.,BANTARKALONG
PASAR GIRIJAYA (MUARA),TASIKMALAYA,PEMERINTAH DAERAH,PASAR TRADISIONAL,KP CIGERENDENG RT 04/ RW 02 DUSUN CISALAK. KODE POS: 46188.,BOJONGASIH
PASAR BOJONGKAPOL,TASIKMALAYA,PEMERINTAH DAERAH,PASAR TRADISIONAL,KP CICOMRE RT 01/RW 01. KODE POS: 46475.,BOJONGGAMBIR
PASAR DESA SUKABAKTI,TASIKMALAYA,PEMERINTAH DAERAH,PASAR TRADISIONAL,KP KUBANGSARI RT 01/RW 01. KODE POS: 46473.,SODONGHILIR
PASAR DEUDEUL,TASIKMALAYA,PEMERINTAH DAERAH,PASAR TRADISIONAL,KP.PASIR LIMUS RT.01 RW.01 DS.DEUDEUL KEC.TARAJU,TARAJU
PASAR DESA TANJUNGSARI,TASIKMALAYA,PEMERINTAH DAERAH,PASAR TRADISIONAL,KP LANGKOB RT 04/RW 01. KODE POS: 46471.,SALAWU
PASAR MANDALASARI,TASIKMALAYA,PEMERINTAH DAERAH,PASAR TRADISIONAL,KP. MANDALASARI RT 02/RW 01.,PUSPAHIANG
PASAR CIKEUSAL,TASIKMALAYA,PEMERINTAH DAERAH,PASAR TRADISIONAL,KP. CIDOLOG RT 04/ RW 01. KODE POS: 46184.,TANJUNGJAYA
PASAR MEKARJAYA,TASIKMALAYA,PEMERINTAH DAERAH,PASAR TRADISIONAL,JL MEKARJAYA. KODE POS: 46183.,SUKARAJA
PASAR MULYASARI,TASIKMALAYA,PEMERINTAH DAERAH,PASAR TRADISIONAL,DUSUN CIBADAK RT 01/03. KODE POS: 46192.,SALOPA
PASAR DESA CINEAM,TASIKMALAYA,PEMERINTAH DAERAH,PASAR TRADISIONAL,"DUSUN RAHAYU, RT03/02 KODE POS 46198, DESA CINEAM, KEC. CINEAM",CINEAM
PASAR KARANGLAYUNG,TASIKMALAYA,PEMERINTAH DAERAH,PASAR TRADISIONAL,DUSUN KARANGSIRNA RT 03/01 DESA KARANGLAYUNG. KODE POS: 46198.,KARANGJAYA
PASAR MANONJAYA,TASIKMALAYA,PEMERINTAH DAERAH,PASAR TRADISIONAL,JL PASAR KIDUL NO 51. KODE POS: 46197.,MANONJAYA
PASAR GUNUNG TANJUNG,TASIKMALAYA,PEMERINTAH DAERAH,PASAR TRADISIONAL,KP TAWANGSARI RT 02/RW 03. KODE POS: 46418.,GUNUNGTANJUNG
PASAR SINGAPARNA,TASIKMALAYA,PEMERINTAH DAERAH,PASAR TRADISIONAL,"JL RAYA TIMUR KP. SINGAPARNA RT 01/ RW 16, DESA SINGAPARNA",SINGAPARNA
PASAR MANGUNREJA,TASIKMALAYA,PEMERINTAH DAERAH,PASAR TRADISIONAL,JL RAYA MANGUNREJA. KODE POS: 46462,MANGUNREJA
PASAR TAWANGBANTENG,TASIKMALAYA,PEMERINTAH DAERAH,PASAR TRADISIONAL,JL CIPANAS GALUNGGUNG KM 7 KP SINDANGSARI RT 04/RW 04. KODE POS: 46152.,SUKARATU
PASAR GALUH,TASIKMALAYA,PERORANGAN/TIDAK ADA PENGELOLA,PASAR TRADISIONAL,JL RAYA PAGENDINGAN RT 01/07 KP CANTIGI. KODE POS: 46153. NOMOR TELPON: 085295503671.,CISAYONG
PASAR KIARAJANGKUNG,TASIKMALAYA,PEMERINTAH DAERAH,PASAR TRADISIONAL,KP SIRNAMANAH RT 03/ RW 05 . KODE POS: 46154.,SUKAHENING
PASAR RAJAPOLAH,TASIKMALAYA,PEMERINTAH DAERAH,PASAR TRADISIONAL,KP KAUM KIDUL RT 01/RW 03 DESA RAJAPOLAH. KODE POS: 46155. NOMOR TELPON: 085323677672.,RAJAPOLAH
PASAR CIAWI,TASIKMALAYA,PEMERINTAH DAERAH,PASAR TRADISIONAL,JL PELITA NO 1 PAKEMITAN. KODE POS: 46156.,CIAWI
PASAR PAGERAGEUNG,TASIKMALAYA,PEMERINTAH DAERAH,PASAR TRADISIONAL,KP PAGERAGEUNG WETAN RT 03/10 DESA PAGERAGEUNG. KODE POS: 46158. NOMOR TELPON: 089655114259 AT.,PAGERAGEUNG
PASAR CIPATUJUH,TASIKMALAYA,PEMERINTAH DAERAH,PASAR TRADISIONAL,KP SUKAJAYA RT 17/05 . KODE POS: 46189.,CIPATUJAH
PASAR CIKANCRA,TASIKMALAYA,PEMERINTAH DAERAH,PASAR TRADISIONAL,KP CIMADE RT 03/ RW 02. KODE POS: 44195. NOMOR TELPON: 085323106610.,CIKALONG
PASAR PANGLIARAN,TASIKMALAYA,PEMERINTAH DAERAH,PASAR TRADISIONAL,KP BABAKAN ASEM RT 09/ RW 03. KODE POS: 46194.,PANCATENGAH
PASAR CIKATOMAS,TASIKMALAYA,PEMERINTAH DAERAH,PASAR TRADISIONAL,KP. CIDADAP . KODE POS: 46193,CIKATOMAS
PASAR SUKAMAJU,TASIKMALAYA,PEMERINTAH DAERAH,PASAR TRADISIONAL,KP PUGERAN RT 01/RW 01.,BANTARKALONG
PASAR DESA BOJONG GAMBIR,TASIKMALAYA,PEMERINTAH DAERAH,PASAR TRADISIONAL,JL RAYA BOJONG GAMBIR KEDUSUNAN PASIR KUNING RT 02/06. KODE POS: 46475. NOMOR TELPON: 085223123943.,BOJONGGAMBIR
PASAR DESA PARUMASAN,TASIKMALAYA,PEMERINTAH DAERAH,PASAR TRADISIONAL,KP SUKA WANGI RT 17/ RW 03. KODE POS: 46473. NOMOR TELPON: 085353052265.,SODONGHILIR
PASAR TARAJU,TASIKMALAYA,PEMERINTAH DAERAH,PASAR TRADISIONAL,KP.CIBUNTU RT.05 RW.01 DS.TARAJU KEC.TARAJU,TARAJU
PASAR PUSPAHIANG,TASIKMALAYA,PEMERINTAH DAERAH,PASAR TRADISIONAL,JL RAYA TARAJU RT 02/RW 01. NOMOR TELPON: 085323694747.,PUSPAHIANG
PASAR SUKARAJA,TASIKMALAYA,PEMERINTAH DAERAH,PASAR TRADISIONAL,JL SUKARAJA-KARANGNUNGGAL. KODE POS: 46183.,SUKARAJA
PASAR BENGKOK,TASIKMALAYA,PEMERINTAH DAERAH,PASAR TRADISIONAL,JL BENGKOK DESA KARYAWANGI-SALOPA. KODE POS: 46192.,SALOPA
PASAR DESA DARAWATI,TASIKMALAYA,PEMERINTAH DAERAH,PASAR TRADISIONAL,KP DARAWATI RT 02/01. KODE POS: 46189.,CIPATUJAH
PASAR DESA SINGKIR,TASIKMALAYA,PEMERINTAH DAERAH,PASAR TRADISIONAL,KP CIHELANG RT 01/RW 05 . KODE POS: 46195. NOMOR TELPON: 081322933164,CIKALONG
PASAR JAYAMUKTI,TASIKMALAYA,PEMERINTAH DAERAH,PASAR TRADISIONAL,JL RAYA PASEH KP. SINDANG JAYA RT 03/ RW 01. KODE POS: 46194.,PANCATENGAH
PASAR DESA LENGKONG BARANG,TASIKMALAYA,PEMERINTAH DAERAH,PASAR TRADISIONAL,"DESA LENGKONGBARANG, CIKATOMAS",CIKATOMAS
PASAR WAKAP,TASIKMALAYA,PEMERINTAH DAERAH,PASAR TRADISIONAL,KP CUKANG JAYA RT 04/RW 02.,BANTARKALONG
PASAR DESA SODONGHILIR,TASIKMALAYA,PEMERINTAH DAERAH,PASAR TRADISIONAL,KP SODONG RT 01/RW 01. KODE POS: 46473.,SODONGHILIR
PASAR PANYIARAN,TASIKMALAYA,PEMERINTAH DAERAH,PASAR TRADISIONAL,"DESA PANYIARAN, CIKALONG",CIKALONG
PASAR DESA TAWANG,TASIKMALAYA,PEMERINTAH DAERAH,PASAR TRADISIONAL,JL RAYA TAWANG. KODE POS: 46194.,PANCATENGAH
PASAR CIBEBER,TASIKMALAYA,PEMERINTAH DAERAH,PASAR TRADISIONAL,KP CIBEBER RT 02/ RW 01. KODE POS: 46195. NOMOR TELPON: 085315876916,CIKALONG
PASAR NEGLASARI,TASIKMALAYA,PEMERINTAH DAERAH,PASAR TRADISIONAL,DESA NEGLASARI. KODE POS: 46194.,PANCATENGAH
PASAR RAKYAT KALAPAGENEP,TASIKMALAYA,PEMERINTAH DAERAH,PASAR TRADISIONAL,KP CIPANGASIH RT 02/01. KODE POS: 46195. NOMOR TELPON: 081221991434.,CIKALONG
PASAR KUBANGSARI,TASIKMALAYA,PEMERINTAH DAERAH,PASAR TRADISIONAL,KP. KUBANGSARI RT 04/ RW 04. KODE POS: 46195. NOMOR TELPON: 082214933688.,CIKALONG
PASAR DESA SUKAHARJA,CIAMIS,PEMERINTAH DAERAH,PASAR TRADISIONAL,DSN DESA RT 04 / RW 09. KODE POS: 46254.,RAJADESA
PASAR DESA BANGBAYANG,CIAMIS,PEMERINTAH DAERAH,PASAR TRADISIONAL,RT 02 / RW 05. KODE POS: 46252.,CIPAKU
PASAR TAMBAKREJA ( PASAR CIKEMBANG ),CIAMIS,PEMERINTAH DAERAH,PASAR TRADISIONAL,JL RAYA LANGEN DSN SIDAMULYA RT 10 / RW 03. KODE POS: 76385.,LAKBOK
PASAR DESA CINTARATU (PASAR CIKAWUNG),CIAMIS,PEMERINTAH DAERAH,PASAR TRADISIONAL,JL DESA CINTARATU DSN CIKAWUNG RT 31 / RW 08. KODE POS: 46385.,LAKBOK
PASAR DESA CIGAYAM,CIAMIS,SWASTA,PASAR TRADISIONAL,DSN SUKADANA RT 02 / RW 03. KODE POS: 46383. NOMOR TELPON: 085351550696,BANJARANYAR
PASAR DESA CIAWITALI,CIAMIS,PEMERINTAH DAERAH,PASAR TRADISIONAL,DSN CIAWITALI RT 13 / RW 03. KODE POS: 46386.,PURWADADI
PASAR DESA SIDAMULIH,CIAMIS,PEMERINTAH DAERAH,PASAR TRADISIONAL,DSN LEGOK MENOL RT 28 / RW 09. KODE POS: 46382.,PAMARICAN
PASAR BOJONG,CIAMIS,PEMERINTAH DAERAH,PASAR TRADISIONAL,JL RAYA CIAMIS BANJAR KM 9. KODE POS: 46271. EMAIL: DESABOJONGMENGGER@GMAIL.COM.,CIJEUNGJING
PASAR DESA KAWUNGLARANG,CIAMIS,PEMERINTAH DAERAH,PASAR TRADISIONAL,JL DESA KAWUNGLARANG. KODE POS: 46387.,RANCAH
PASAR DESA MANDIRI,CIAMIS,PEMERINTAH DAERAH,PASAR TRADISIONAL,DSN CIBINGBIN RT 01 / RW 01. KODE POS: 46254. NOMOR TELPON: 081312708482.,RAJADESA
PASAR DONGKAL,CIAMIS,PEMERINTAH DAERAH,PASAR TRADISIONAL,DSN DESA RT 01 / RW 05. KODE POS: 46272.,SUKADANA
PASAR DESA IMBANAGARA,CIAMIS,PEMERINTAH DAERAH,PASAR TRADISIONAL,JL MAYOR ALI BASYAH DSN WARUNG WETAN RT 03 / RW 02. KODE POS: 46219.,CIAMIS
PASAR DESA CIKONENG,CIAMIS,PEMERINTAH DAERAH,PASAR TRADISIONAL,DUSUN PASAR BARU RT 02 RW 05. KODE POS: 46261. NOMOR TELPON: 0265-773306. EMAIL: DSCIKONENG@GMAIL.COM.,CIKONENG
PASAR SINDANG KASIH,CIAMIS,PEMERINTAH DAERAH,PASAR TRADISIONAL,JL RAYA SINDANGKASIH. KODE POS: 46268.,SINDANGKASIH
PASAR MULYA JAYA,CIAMIS,SWASTA,PASAR TRADISIONAL,DUSUN CIKARET RT 02 RW 05. KODE POS: 46262,CIHAURBEUTI
PASAR SADANANYA,CIAMIS,PEMERINTAH DAERAH,PASAR TRADISIONAL,DSN LANDEUH RT 05 / RW 05. KODE POS: 46256.,SADANANYA
PASAR DESA MEKARSARI,CIAMIS,PEMERINTAH DAERAH,PASAR TRADISIONAL,DSN NANGGEWER RT 03 / RW 08. KODE POS: 46252.,CIPAKU
PASAR PANAWANGAN,CIAMIS,PEMERINTAH DAERAH,PASAR TRADISIONAL,DSN PANAWANGAN RT 07 / RW 02 JL RAYA CIAMIS-CIREBON NO 56. KODE POS: 46255.,PANAWANGAN
PASAR GALUH KAWALI,CIAMIS,PEMERINTAH DAERAH,PASAR TRADISIONAL,JL RAYA CIAMIS KM 19. KODE POS: 46253. NOMOR TELPON: 0265-790326.,KAWALI
PASAR LUMBUNG,CIAMIS,PEMERINTAH DAERAH,PASAR TRADISIONAL,JL RAYA KAWALI PANJALU DESA LUMBUNG. KODE POS: 46258.,LUMBUNG
PASAR DESA PANJALU,CIAMIS,PEMERINTAH DAERAH,PASAR TRADISIONAL,"DSN PABUARAN, DSN CIMENDONG. KODE POS: 46264. EMAIL: BUMDESRAHAYUWALUYA@GMAIL.COM.",PANJALU
PASAR DESA SUKAMANTRI,CIAMIS,PEMERINTAH DAERAH,PASAR TRADISIONAL,DSN SUKAMANTRI 3 RT 02 RW 07. KODE POS: 46264.,SUKAMANTRI
PASAR DESA PANUMBANGAN,CIAMIS,PEMERINTAH DAERAH,PASAR TRADISIONAL,JL RAYA PANUMBANGAN. KODE POS: 46263. NOMOR TELPON: 085315455792.,PANUMBANGAN
PASAR DESA PULOERANG,CIAMIS,PEMERINTAH DAERAH,PASAR TRADISIONAL,DSN SUKAMUKTI RT 11 / RW 04. KODE POS: 46385.,LAKBOK
PASAR PANINEUNGAN,CIAMIS,PEMERINTAH DAERAH,PASAR TRADISIONAL,DSN PANINEUNGAN RT 09 / RW 09. KODE POS: 46386.,PURWADADI
PASAR KIOS DESA,CIAMIS,PEMERINTAH DAERAH,PASAR TRADISIONAL,DSN KALER RT 05 / RW 02. KODE POS: 46271.,CIJEUNGJING
PASAR DESA RANCAH,CIAMIS,PEMERINTAH DAERAH,PASAR TRADISIONAL,KOMPLEK PASAR RANCAH. KODE POS: 46387.,RANCAH
PASAR DESA SIRNABAYA,CIAMIS,PEMERINTAH DAERAH,PASAR TRADISIONAL,JL RAYA RAJADESA DSN CIGOONG RT 05 / RW 02. KODE POS: 46254. NOMOR TELPON: 081312766667. EMAIL: PURNAMA-EFI@GMAIL.COM.,RAJADESA
PASAR CIBODAS,CIAMIS,PEMERINTAH DAERAH,PASAR TRADISIONAL,DSN JONTOR RT 01 / RW 04. KODE POS: 46272.,SUKADANA
PASAR DESA BUNISEURI,CIAMIS,PEMERINTAH DAERAH,PASAR TRADISIONAL,DSN KOTA RT 01 / RW 01. KODE POS: 46252.,CIPAKU
PASAR REBO NAGARAJAYA,CIAMIS,PEMERINTAH DAERAH,PASAR TRADISIONAL,DSN EMBLEGAN RT 03 / RW 01. KODE POS: 46255.,PANAWANGAN
PASAR DESA CIBEUREUM,CIAMIS,PEMERINTAH DAERAH,PASAR TRADISIONAL,DSN KARANGSARI RT 01 / RW 01. KODE POS: 46264.,SUKAMANTRI
PASAR BANJARSARI,CIAMIS,PEMERINTAH DAERAH,PASAR TRADISIONAL,DSN MEKARSARI. KODE POS: 46383.,BANJARSARI
PASAR DESA KALAPA SAWIT,CIAMIS,PEMERINTAH DAERAH,PASAR TRADISIONAL,JL RAYA LAKBOK DSN KALAPAGADA RT 13 / RW 03. KODE POS: 46385.,LAKBOK
PASAR DESA SIDARAHAYU MANGANTI,CIAMIS,PEMERINTAH DAERAH,PASAR TRADISIONAL,JL DU BENDUNG MANGANTI DSN PASUNGSARI RT 27 / RW 03. KODE POS: 46386.,PURWADADI
PASAR KARANG CENGEK,CIAMIS,PEMERINTAH DAERAH,PASAR TRADISIONAL,JL KARANG CENGEK DSN KARANG CENGEK RT 25 / RW 07. KODE POS: 46382.,PAMARICAN
PASAR PURW ARAJA,CIAMIS,PEMERINTAH DAERAH,PASAR TRADISIONAL,DSN CIBURUY RT 02 / RW 01. KODE POS: 46254. NOMOR TELPON: 082127202972.,RAJADESA
PASAR REST AREA,CIAMIS,PEMERINTAH DAERAH,PASAR TRADISIONAL,DSN SUKAHAJI RT 01 / RW 01. KODE POS: 46262,CIHAURBEUTI
PASAR DESA PUSAKASARI,CIAMIS,PEMERINTAH DAERAH,PASAR TRADISIONAL,DSN URUG RT 04 / RW 02. KODE POS: 46252.,CIPAKU
PASAR DESA SINDANGHERANG,CIAMIS,PEMERINTAH DAERAH,PASAR TRADISIONAL,DSN WARUDOYONG RT 001 RW 003. KODE POS: 46263. NOMOR TELPON: 085314810202.,PANUMBANGAN
PASAR DESA BAREGBEG,CIAMIS,PEMERINTAH DAERAH,PASAR TRADISIONAL,DSN BAREGBEG RT 11 / RW 03. KODE POS: 46385.,LAKBOK
PASAR SELACAI,CIAMIS,PEMERINTAH DAERAH,PASAR TRADISIONAL,DSN CIHERAS RT 08 / RW 10. KODE POS: 46252.,CIPAKU
PASAR NAMBO CINTAJAYA,CIAMIS,PEMERINTAH DAERAH,PASAR TRADISIONAL,DSN NAMBO RT 28 / RW 06. KODE POS: 46385.,LAKBOK
PASAR SIDAHARJA ( PASAR JAMBAN),CIAMIS,PEMERINTAH DAERAH,PASAR TRADISIONAL,JL PROCIT DSN JAMBAN RT 15 / RW 03. KODE POS: 46385.,LAKBOK
PASAR MANIS CIAMIS,CIAMIS,PEMERINTAH DAERAH,PASAR TRADISIONAL,KOMPLEK PASAR MANIS CIAMIS BLOK B LANTAI 2. KODE POS: 801184. NOMOR TELPON: 0265-771367.,CIAMIS
PASAR DESA CIEURIH,CIAMIS,PEMERINTAH DAERAH,PASAR TRADISIONAL,DSN CIEURIH 2 RT 03 / RW 04. KODE POS: 46252.,CIPAKU
PASAR KERTAJAYA (PASAR TANGGOGO),CIAMIS,PEMERINTAH DAERAH,PASAR TRADISIONAL,JL RAYA LAKBOLKDSN BANJARHARJA RT 07 / RW 02. KODE POS: 46385.,LAKBOK
PASAR PAMARICAN,CIAMIS,PEMERINTAH DAERAH,PASAR TRADISIONAL,JL RAYA PAMARICAN DSN PAMARICAN RT 02 / RW 03. KODE POS: 46382.,PAMARICAN
PASAR LEGOK,KUNINGAN,PEMERINTAH DAERAH,PASAR TRADISIONAL,DUSUN PUHUN RT 04 RW 03. KODE POS: 45595.,CIDAHU
PASAR ANCARAN,KUNINGAN,PEMERINTAH DAERAH,PASAR TRADISIONAL,DUSUN PUHUN RT 13 RW 01. KODE POS: 45514.,KUNINGAN
PASAR DESA DARMA,KUNINGAN,PEMERINTAH DAERAH,PASAR TRADISIONAL,JL RAYA CIAMIS. KODE POS: 45562. NOMOR TELPON: 082317279282.,DARMA
PASAR CINIRU,KUNINGAN,PEMERINTAH DAERAH,PASAR TRADISIONAL,DUSUN CIUYAHSARI RT 8 RW 4. KODE POS: 45565.,CINIRU
PASAR HANTARA,KUNINGAN,PEMERINTAH DAERAH,PASAR TRADISIONAL,DSN MANIS RT 01 RW 01. KODE POS: 45564.,HANTARA
PASAR SELAJAMBE,KUNINGAN,PEMERINTAH DAERAH,PASAR TRADISIONAL,JL SILIWANGI 72. KODE POS: 45566.,SELAJAMBE
PASAR SUBANG,KUNINGAN,PEMERINTAH DAERAH,PASAR TRADISIONAL,DUSUN KALIWON RT 5 RW 2. KODE POS: 45586.,SUBANG
PASAR CIWARU,KUNINGAN,PEMERINTAH DAERAH,PASAR TRADISIONAL,DUSUN KAHURIPAN RT 4 RW 4. KODE POS: 45583.,CIWARU
PASAR CIHIDEUNGHILIR,KUNINGAN,PEMERINTAH DAERAH,PASAR TRADISIONAL,DUSUN CIMULYA RT 07 RW 05. KODE POS: 45595.,CIDAHU
PASAR DESA CIPUTAT,KUNINGAN,PEMERINTAH DAERAH,PASAR TRADISIONAL,JL RAYA CIAWIGEBANG DUSUN MANIS RT 02 RW 01. KODE POS: 45591.,CIAWIGEBANG
PASAR CINAGARA,KUNINGAN,PEMERINTAH DAERAH,PASAR TRADISIONAL,JL RAYA CINARAGA RT 08 RW 02. KODE POS: 45574.,LEBAKWANGI
PASAR LENGKONG,KUNINGAN,PEMERINTAH DAERAH,PASAR TRADISIONAL,DSN WAGE RT 26 / RW 10. KODE POS: 45571.,GARAWANGI
PASAR KRAMAT MULYA,KUNINGAN,PEMERINTAH DAERAH,PASAR TRADISIONAL,JL RAYA KRAMATMULYA. KODE POS: 45553.,KRAMATMULYA
PASAR DESA KADUGEDE,KUNINGAN,PEMERINTAH DAERAH,PASAR TRADISIONAL,JL SYECH MAMBAYONG. KODE POS: 45561.,KADUGEDE
PASAR CIDAHU,KUNINGAN,PEMERINTAH DAERAH,PASAR TRADISIONAL,DUSUN PUHUN RT 02 RW 02. KODE POS: 45595.,CIDAHU
PASAR MALEBER,KUNINGAN,PEMERINTAH DAERAH,PASAR TRADISIONAL,BLOK KLIWON. KODE POS: 45575.,MALEBER
PASAR GARAWANGI,KUNINGAN,PEMERINTAH DAERAH,PASAR TRADISIONAL,RT 03 RW 04 DUSUN PUHUN. KODE POS: 45571.,GARAWANGI
PASAR BOJONG,KUNINGAN,PEMERINTAH DAERAH,PASAR TRADISIONAL,JL RAYA BOJONG CILIMUS. KODE POS: 45556.,CILIMUS
PASAR MEKARWANGI,KUNINGAN,PEMERINTAH DAERAH,PASAR TRADISIONAL,JL KIGEDENG LURAGUNG RT 10 RW 02 DUSUN MANIS. KODE POS: 45574.,LEBAKWANGI
PASAR BARU,KUNINGAN,PEMERINTAH DAERAH,PASAR TRADISIONAL,JL IR. H. JUANDA. KODE POS: 45511.,KUNINGAN
PASAR SUKASARI,KUNINGAN,PEMERINTAH DAERAH,PASAR TRADISIONAL,JALAN RAYA CIMALATI RT 02 RW 01 DUSUN WAGE DESA SUKASARI,MANDIRANCAN
PASAR CIBINGBIN,KUNINGAN,PEMERINTAH DAERAH,PASAR TRADISIONAL,DUSUN KLIWON RT 14 RW 1. KODE POS: 45587. NOMOR TELPON: 085793586670.,CIBINGBIN
PASAR KEPUH,KUNINGAN,PEMERINTAH DAERAH,PASAR TRADISIONAL,JL KEPUH. KODE POS: 45511.,KUNINGAN
PASAR GALUH LURAGUNG LANDEUH,KUNINGAN,PEMERINTAH DAERAH,PASAR TRADISIONAL,RT 01 RW 03 DUSUN PAHING. KODE POS: 45581.,LURAGUNG
PASAR SAYUR,CIREBON,PEMERINTAH DAERAH,PASAR TRADISIONAL,JL. LETJEN S. PARMAN,PABUARAN
PASAR PASALARAN,CIREBON,PEMERINTAH DAERAH,PASAR TRADISIONAL,JL OTISTA RT 9. NOMOR TELPON: 081324666351.,WERU
PASAR VILA INTAN,CIREBON,PEMERINTAH DAERAH,PASAR TRADISIONAL,JL. VILLA INTAN 2 RT 021 RW 05,GUNUNGJATI
PASAR CIBENING,CIREBON,PEMERINTAH PUSAT,PASAR TRADISIONAL,JL. RAYA KROYA NO. 1 DESA PASALEMAN,PASALEMAN
PASAR CILEDUG,CIREBON,PEMERINTAH DAERAH,PASAR TRADISIONAL,JL MERDEKA UTARA NO.79 RT 1 RW 3. KODE POS: 45188,CILEDUG
PASAR DESA LOSARI KIDUL,CIREBON,PEMERINTAH DAERAH,PASAR TRADISIONAL,JL PANTURA NO.134. KODE POS: 45912. NOMOR TELPON: 08978650788.,LOSARI
PASAR BABAKAN,CIREBON,PEMERINTAH DAERAH,PASAR TRADISIONAL,JL SUTAWIJAYA RT 1 RW 4. KODE POS: 45191.,BABAKAN
PASAR DESA GEBANG ILIR,CIREBON,PEMERINTAH DAERAH,PASAR TRADISIONAL,RT 1 RW 1 DESA GEBANG ILIR. KODE POS: 45194.,GEBANG
PASAR DESA KARANG SEMBUNG,CIREBON,PEMERINTAH DAERAH,PASAR TRADISIONAL,JL RAYA KARANGSEMBUNG NO. 26 RT 2 RW 6. KODE POS: 45186. NOMOR TELPON: 085325578021.,KARANGSEMBUNG
PASAR BUAH,CIREBON,PEMERINTAH DAERAH,PASAR TRADISIONAL,JL KH.WAHID HASYIM,LEMAHABANG
PASAR DESA SEDONG LOR,CIREBON,PEMERINTAH DAERAH,PASAR TRADISIONAL,JL SILIWANGI BLOK III RT 1 RW 5. KODE POS: 45189.,SEDONG
PASAR DESA MERTAPADA KULON,CIREBON,PEMERINTAH DAERAH,PASAR TRADISIONAL,DUSUN MANIS RT 9 RW 3. KODE POS: 45181.,ASTANAJAPURA
PASAR DESA MUNDU PESISIR,CIREBON,PEMERINTAH DAERAH,PASAR TRADISIONAL,JL RAYA MUNDU. KODE POS: 45173.,MUNDU
PASAR DURAJAYA,CIREBON,PERORANGAN/TIDAK ADA PENGELOLA,PASAR TRADISIONAL,MANDIAQNGIN RT 001 RW 001,GREGED
PASAR DESA SAMPIRAN,CIREBON,PEMERINTAH DAERAH,PASAR TRADISIONAL,DESA SAMPIRAN,TALUN
PASAR SUMBER,CIREBON,PEMERINTAH DAERAH,PASAR TRADISIONAL,JL DEWI SARTIKA. KODE POS: 45611.,SUMBER
PASAR DESA DUKUPUNTANG,CIREBON,PEMERINTAH DAERAH,PASAR TRADISIONAL,JL KI AGENG TEPAK RT 15 RW 5. KODE POS: 45652.,DUKUPUNTANG
PASAR PALIMANAN,CIREBON,PEMERINTAH DAERAH,PASAR TRADISIONAL,JL OTTO ISKANDARDINATA RT 1 RW 1. KODE POS: 45161.,PALIMANAN
PASAR JAMBLANG,CIREBON,PEMERINTAH DAERAH,PASAR TRADISIONAL,"JL ARYA SALINGSINGAN, KASUGENGAN LOR, KEC. DEPOK, CIREBON 45155",DEPOK
PASAR KAMISAN,CIREBON,PEMERINTAH DAERAH,PASAR TRADISIONAL,"PEGAGAN KIDUL, KEC. KAPETAKAN, CIREBON 45152",KAPETAKAN
PASAR DESA CELANCANG,CIREBON,PEMERINTAH DAERAH,PASAR TRADISIONAL,JL RAYA SUNAN GUNUNG JATI RT 1 RW 4 BLOK PABEAN KULON. KODE POS: 45159. NOMOR TELPON: 085314585911.,SURANENGGALA
PASAR DESA LEMAHABANG KULON,CIREBON,PEMERINTAH DAERAH,PASAR TRADISIONAL,JL SYECH LEMAHABANG. KODE POS: 45183.,LEMAHABANG
PASAR CAPLEK,CIREBON,PEMERINTAH DAERAH,PASAR TRADISIONAL,BLOK LEBAK RT 2 RW 1.,JAMBLANG
PASAR DESA JUNGJANG,CIREBON,PEMERINTAH DAERAH,PASAR TRADISIONAL,JL KI HAJAR DEWANTORO. KODE POS: 45162. NOMOR TELPON: 081224468309.,ARJAWINANGUN
PASAR DESA SUSUKAN,CIREBON,PEMERINTAH DAERAH,PASAR TRADISIONAL,JL NAGUS RANGIN RT 1 RW 1. KODE POS: 45166.,SUSUKAN
PASAR DESA GEGESIK KIDUL,CIREBON,PEMERINTAH DAERAH,PASAR TRADISIONAL,JL RAYA GEGESIK ARJAWINANGUN. KODE POS: 45164. NOMOR TELPON: 081214277336.,GEGESIK
PASAR GUWA KIDUL,CIREBON,,PASAR TRADISIONAL,LAPANGAN RT 03 RW 04 DUSUN 4,KALIWEDI
PASAR DESA PABUARAN KIDUL,CIREBON,PEMERINTAH DAERAH,PASAR TRADISIONAL,JL PRABU KIAN SANTANG NO.1. KODE POS: 45196.,PABUARAN
PASAR DESA LOSARI LOR BAWANG,CIREBON,PEMERINTAH DAERAH,PASAR TRADISIONAL,JL SOEKARNO HATTA RT 1 RW 5. KODE POS: 45192. NOMOR TELPON: 08122102476.,LOSARI
PASAR DESA GEBANG MEKAR,CIREBON,PEMERINTAH DAERAH,PASAR TRADISIONAL,RT 2 RW 5 DESA GEBANG MEKAR. KODE POS: 45194. NOMOR TELPON: 081223239397.,GEBANG
PASAR CIPEUJEUH,CIREBON,PEMERINTAH DAERAH,PASAR TRADISIONAL,JL KH. WAHID HASYIM. KODE POS: 45183.,LEMAHABANG
PASAR DESA JAPURA KIDUL,CIREBON,PEMERINTAH DAERAH,PASAR TRADISIONAL,DUSUN MANIS RT 2 RW 1. KODE POS: 45181.,ASTANAJAPURA
PASAR DESA BODE LOR,CIREBON,PEMERINTAH DAERAH,PASAR TRADISIONAL,JL KI SABALANANG RT 4 RW 1. KODE POS: 45155.,PLUMBON
PASAR KUE WERU,CIREBON,PEMERINTAH DAERAH,PASAR TRADISIONAL,JL IR. H. JUANDA.,WERU
PASAR KLAYAN,CIREBON,PEMERINTAH DAERAH,PASAR TRADISIONAL,JL RAYA VILLA INTAN RT 21 RW 5. KODE POS: 45151.,GUNUNGJATI
PASAR WATES,CIREBON,PEMERINTAH DAERAH,PASAR TRADISIONAL,"KARANGKENDAL, KAPETAKAN, CIREBON KODEPOS 45152",KAPETAKAN
PASAR KAWEDANAN ARJAWINANGUN,CIREBON,PEMERINTAH DAERAH,PASAR TRADISIONAL,RT 001 RW 007 SEBELAH POLSEK,ARJAWINANGUN
PASAR ESUK JAGAPURA,CIREBON,PEMERINTAH DAERAH,PASAR TRADISIONAL,DESA JAGAPURA WETAN,GEGESIK
PASAR SEMI PERMANEN,CIREBON,,PASAR TRADISIONAL,RT 15 RW 06 LOSARI KIDUL,LOSARI
PASAR DESA KARANG MULYA,CIREBON,PEMERINTAH DAERAH,PASAR TRADISIONAL,JL CIREBON-BANDUNG KOMPLEKS RUKO DIAMOND NO. 7-8. KODE POS: 45155. NOMOR TELPON: 02318820255.,PLUMBON
PASAR DESA WANAKAYA,CIREBON,PEMERINTAH DAERAH,PASAR TRADISIONAL,BLOK SEMBUNG RT 1 RW 4. KODE POS: 45151. NOMOR TELPON: 081395537667.,GUNUNGJATI
PASAR DESA ARJAWINANGUN,CIREBON,PEMERINTAH DAERAH,PASAR TRADISIONAL,JL. PAHLAWAN RT 002 RW 009,ARJAWINANGUN
PASAR SAYUR TEGAL GUBUG,CIREBON,PEMERINTAH DAERAH,PASAR TRADISIONAL,RT 003 RW 003 TEGAL GUBUG,ARJAWINANGUN
PASAR CAPLEK BODE LOR,CIREBON,PEMERINTAH DAERAH,PASAR TRADISIONAL,RT 04 RW 01,PLUMBON
PASAR DESA LIGUNG,MAJALENGKA,PEMERINTAH DAERAH,PASAR TRADISIONAL,JL RAYA LIGUNG-JATIWANGI. KODE POS: 45456.,LIGUNG
PASAR CIPASUNG,MAJALENGKA,PEMERINTAH DAERAH,PASAR TRADISIONAL,JL IMBANG KENCANA. KODE POS: 45465.,LEMAHSUGIH
PASAR SENIN BANTARUJEG,MAJALENGKA,PEMERINTAH DAERAH,PASAR TRADISIONAL,BLOK CILAKI JALAN SILIWANGI. KODE POS: 45464.,BANTARUJEG
PASAR WERASARI,MAJALENGKA,PEMERINTAH DAERAH,PASAR TRADISIONAL,JL RAYA WERASARI. KODE POS: 45464.,MALAUSMA
PASAR DESA CIKIJING,MAJALENGKA,PEMERINTAH DAERAH,PASAR TRADISIONAL,BLOK SELASA JALAN K.H. ABDUL FATAH. KODE POS: 45466.,CIKIJING
PASAR CINGAMBUL,MAJALENGKA,PEMERINTAH DAERAH,PASAR TRADISIONAL,JL RAYA CINGAMBUL. KODE POS: 45467.,CINGAMBUL
PASAR PEMDA TALAGA,MAJALENGKA,PEMERINTAH DAERAH,PASAR TRADISIONAL,JL AHMAD YANI NO 53. KODE POS: 45462.,TALAGA
PASAR DESA MAJA SELATAN,MAJALENGKA,PEMERINTAH DAERAH,PASAR TRADISIONAL,JL VETERAN NO 1. KODE POS: 45461.,MAJA
PASAR PEMDA SINDANG KASIH,MAJALENGKA,PEMERINTAH DAERAH,PASAR TRADISIONAL,JL RAYA CIGASONG. KODE POS: 45476.,CIGASONG
PASAR DESA TANJUNGSARI,MAJALENGKA,PEMERINTAH DAERAH,PASAR TRADISIONAL,JL PANGERAN MUHAMMAD NO 1. KODE POS: 45471. NOMOR TELPON: 085722951463.,SUKAHAJI
PASAR DESA RAJAGALUH,MAJALENGKA,PEMERINTAH DAERAH,PASAR TRADISIONAL,BLOK PON JL PANGERAN MUHAMMAD. KODE POS: 45472.,RAJAGALUH
PASAR DESA PATUANAN/JOROGAN,MAJALENGKA,PEMERINTAH DAERAH,PASAR TRADISIONAL,JL RAYA PATUANAN. KODE POS: 45472.,LEUWIMUNDING
PASAR WERAGATI,MAJALENGKA,PEMERINTAH DAERAH,PASAR TRADISIONAL,JL RAYA WERAGATI. KODE POS: 45475.,PALASAH
PASAR CIHERANG SUKARAJA KULON,MAJALENGKA,PEMERINTAH DAERAH,PASAR TRADISIONAL,JL VETERAN PEJUANG BLOK CIBURUY RT 02/RW 02 DESA SUKARAJA KULON. KODE POS: 45454.,JATIWANGI
PASAR GUNUNGSARI,MAJALENGKA,PEMERINTAH DAERAH,PASAR TRADISIONAL,JL RAYA GUNUNGSARI BLOK KEMIS RT 01/RW 01 DESA GUNUNGSARI KEC. KASOKANDEL. KODE POS: 45477.,KASOKANDEL
PASAR LAWAS,MAJALENGKA,PEMERINTAH DAERAH,PASAR TRADISIONAL,JL SILIWANGI. KODE POS: 45452.,KADIPATEN
PASAR DESA MEKARJAYA,MAJALENGKA,PEMERINTAH DAERAH,PASAR TRADISIONAL,JL KERTAJAYA NO 308. KODE POS: 45457.,KERTAJATI
PASAR JUMAT,MAJALENGKA,PEMERINTAH DAERAH,PASAR TRADISIONAL,JL RAYA JATITUJUH. KODE POS: 45458.,JATITUJUH
PASAR DESA BEBER,MAJALENGKA,PEMERINTAH DAERAH,PASAR TRADISIONAL,JL RAYA BEBER. KODE POS: 45456.,LIGUNG
PASAR DESA PANJALIN KIDUL,MAJALENGKA,PEMERINTAH DAERAH,PASAR TRADISIONAL,JL PAHLAWAN NO 1. KODE POS: 45455.,SUMBERJAYA
PASAR LEMAH PUTIH,MAJALENGKA,PEMERINTAH DAERAH,PASAR TRADISIONAL,JL KENCANA. KODE POS: 45465.,LEMAHSUGIH
PASAR REBO MALAUSMA,MAJALENGKA,PEMERINTAH DAERAH,PASAR TRADISIONAL,JL MALAUSMA. KODE POS: 45464.,MALAUSMA
PASAR DESA MAJA UTARA,MAJALENGKA,PEMERINTAH DAERAH,PASAR TRADISIONAL,JL PASUKAN SINDANGKASIH. KODE POS: 45461.,MAJA
PASAR DESA RAJAGALUH LOR,MAJALENGKA,PEMERINTAH DAERAH,PASAR TRADISIONAL,JL PANGERAN MUHAMMAD. KODE POS: 45472.,RAJAGALUH
PASAR DESA LEUWIMUNDING,MAJALENGKA,PEMERINTAH DAERAH,PASAR TRADISIONAL,JL RAYA LEUWIMUNDING. KODE POS: 45473.,LEUWIMUNDING
PASAR ENGGAL WANGI,MAJALENGKA,PEMERINTAH DAERAH,PASAR TRADISIONAL,JL RAYA PALASAH-LEUWIMUNDING. KODE POS: 45475.,PALASAH
PASAR MEKARSARI (PSR ONCOG DANGO),MAJALENGKA,PEMERINTAH DAERAH,PASAR TRADISIONAL,JL MEKARSARI. KODE POS: 45454,JATIWANGI
PASAR PEMDA KADIPATEN,MAJALENGKA,PEMERINTAH DAERAH,PASAR TRADISIONAL,JL SADEWA TERMINAL BUS LAMA KADIPATEN DESA KADIPATEN KEC KADIPATEN. KODE POS: 45452. NOMOR TELPON: 085314110505.,KADIPATEN
PASAR MINGGU,MAJALENGKA,PEMERINTAH DAERAH,PASAR TRADISIONAL,JL RAYA KERTAJATI. KODE POS: 45457.,KERTAJATI
PASAR SUMBER WETAN,MAJALENGKA,PEMERINTAH DAERAH,PASAR TRADISIONAL,JL RAYA SUMBER-JATITUJUH. KODE POS: 45458.,JATITUJUH
PASAR PEMDA PRAPATAN,MAJALENGKA,PEMERINTAH DAERAH,PASAR TRADISIONAL,JL RAYA BANDUNG-CIREBON. KODE POS: 45455.,SUMBERJAYA
PASAR DESA SADAWANGI,MAJALENGKA,PEMERINTAH DAERAH,PASAR TRADISIONAL,JL RAYA SADAWANGI. KODE POS: 45465.,LEMAHSUGIH
PASAR LEBAKWANGI,MAJALENGKA,PEMERINTAH DAERAH,PASAR TRADISIONAL,JL LEBAKWANGI. KODE POS: 45464.,MALAUSMA
PASAR BARU SUTAWANGI,MAJALENGKA,PEMERINTAH DAERAH,PASAR TRADISIONAL,JL RAYA AHMAD YANI. KODE POS: 45454.,JATIWANGI
PASAR DESA SUKAMULYA,MAJALENGKA,PEMERINTAH DAERAH,PASAR TRADISIONAL,JL KASMAN KARSOWENO. KODE POS: 45457.,KERTAJATI
PASAR DESA BANTARW ARU,MAJALENGKA,PEMERINTAH DAERAH,PASAR TRADISIONAL,JL BANTARW ARU-KERTASMAYA. KODE POS: 45456.,LIGUNG
PASAR MARGAJAYA,MAJALENGKA,PEMERINTAH DAERAH,PASAR TRADISIONAL,JL MARGAJAYA. KODE POS: 45465.,LEMAHSUGIH
PASAR CIBORELANG,MAJALENGKA,PEMERINTAH DAERAH,PASAR TRADISIONAL,JL RAYA CIBORELANG. KODE POS: 45454.,JATIWANGI
PASAR DESA KODASARI,MAJALENGKA,PEMERINTAH DAERAH,PASAR TRADISIONAL,JL RAYA HANJUANG 39 NO 1. KODE POS: 45456.,LIGUNG
PASAR KEMIS KELAPA DUA,MAJALENGKA,PEMERINTAH DAERAH,PASAR TRADISIONAL,JL RAYA KALAPA DUA. KODE POS: 45465.,LEMAHSUGIH
PASAR DESA MEKAR WANGI,MAJALENGKA,PEMERINTAH DAERAH,PASAR TRADISIONAL,BLOK BABAKAN PEUTEUY. KODE POS: 45464.,LEMAHSUGIH
PASAR DESA PADAREK,MAJALENGKA,PEMERINTAH DAERAH,PASAR TRADISIONAL,JL RAYA PADAREK. KODE POS: 45465.,LEMAHSUGIH
PASAR UJUNG JAYA,SUMEDANG,PEMERINTAH DAERAH,PASAR TRADISIONAL,JL PEJUANG NO 1 RT 4 RW 1. KODE POS: 45383.,UJUNG JAYA
PASAR CONGGEANG,SUMEDANG,PEMERINTAH DAERAH,PASAR TRADISIONAL,DESA CONGGEANG KULON,CONGGEANG
PASAR LEGOK,SUMEDANG,PEMERINTAH DAERAH,PASAR TRADISIONAL,"JL PAJAJARAN, DUSUN SUKAHURIP RT 02/RW 01",PASEH
PASAR CIMALAKA,SUMEDANG,PEMERINTAH DAERAH,PASAR TRADISIONAL,"JL RAYA CIMALAKA, DUSUN PAKEMITAN RT 03/RW 03",CIMALAKA
PASAR CIPADUNG,SUMEDANG,PEMERINTAH DAERAH,PASAR TRADISIONAL,DUSUN CIPADUNG RT 01/RW 01,TANJUNGKERTA
PASAR CIKARAMAS,SUMEDANG,PEMERINTAH DAERAH,PASAR TRADISIONAL,JL SUMEDANG-SUBANG KM 01. KODE POS: 45354,TANJUNGMEDAR
PASAR BUAHDUA,SUMEDANG,PEMERINTAH DAERAH,PASAR TRADISIONAL,JL RAYA BUAHDUA-TANJUNGKERTA,BUAHDUA
PASAR CIKUDA,SUMEDANG,SWASTA,PASAR TRADISIONAL,JL RAYA NAROGONG . KODE POS: 45363.,JATINANGOR
PASAR TANJUNG SARI,SUMEDANG,PEMERINTAH DAERAH,PASAR TRADISIONAL,JL RAYA TANJUNG SARI NO 89 KM 20. KODE POS: 45362.,TANJUNGSARI
PASAR INPRES,SUMEDANG,PEMERINTAH DAERAH,PASAR TRADISIONAL,JL SOPYAN ISKANDAR LINGK KETIB. KODE POS: 45322.,SUMEDANG UTARA
PASAR SITURAJA DESA SITURAJA UTARA,SUMEDANG,PEMERINTAH DAERAH,PASAR TRADISIONAL,JL RAYA UMAR WIRAHADIKUSUMAH RT 04 RW 05. KODE POS: 45371.,SITURAJA
PASAR CIMUNGKAL,SUMEDANG,PEMERINTAH DAERAH,PASAR TRADISIONAL,"DUSUN CIMUNGKAL RT 04/RW 01, DESA CIMUNGKAL 45273",WADO
PASAR TARIKOLOT,SUMEDANG,PEMERINTAH DAERAH,PASAR TRADISIONAL,JL RAYA WADO RISIK KM-4 RT 01 RW 02. KODE POS: 45373.,JATINUNGGAL
PASAR SIBULUH (SANYERE),SUMEDANG,PERORANGAN/TIDAK ADA PENGELOLA,PASAR TRADISIONAL,JL SABANDAR 66 RT 2 RW 4. KODE POS: 45385.,UJUNG JAYA
PASAR DESA CITIMUN,SUMEDANG,PEMERINTAH DAERAH,PASAR TRADISIONAL,"JL KANTOR DESA CITIMUN , DUSUN CISEDAN RT 01/RW 04",CIMALAKA
PASAR DESA JINGKANG,SUMEDANG,PEMERINTAH DAERAH,PASAR TRADISIONAL,JL SINDANG SARI RT 01/RW 02,TANJUNGMEDAR
PASAR HARIANG,SUMEDANG,PEMERINTAH DAERAH,PASAR TRADISIONAL,DUSUN HARIANG RT 01/RW 01,BUAHDUA
PASAR REUSIK (SEHAT),SUMEDANG,SWASTA,PASAR TRADISIONAL,JL RAYA SUMEDANG BANDUNG RW 8 DESA CIBEUSI. KODE POS: 45363.,JATINANGOR
PASAR GANJARESIK,SUMEDANG,PEMERINTAH DAERAH,PASAR TRADISIONAL,"KP. GARUDANGUPUK, DUSUN GANJARTEMU RT 03/RW 02",WADO
PASAR DESA CIPEUNDEUY,SUMEDANG,PEMERINTAH DAERAH,PASAR TRADISIONAL,JL RAYA CIPEUNDEUY-SUKAMANAH KM. O1,JATINUNGGAL
PASAR SAYUR SUMEDANG,SUMEDANG,SWASTA,PASAR TRADISIONAL,JL SEBELAS APRIL NO. 47,SUMEDANG UTARA
PASAR AGROBISNIS TEMBAKAU,SUMEDANG,PEMERINTAH DAERAH,PASAR TRADISIONAL,"JL PASAR LAMA NO. 13, DESA TANJUNGSARI",TANJUNGSARI
PASAR DESA SARIMEKAR,SUMEDANG,SWASTA,PASAR TRADISIONAL,JL RAYA WADO KRISIK KM 07,JATINUNGGAL
PASAR PARAKAN MUNCANG,SUMEDANG,PEMERINTAH DAERAH,PASAR TRADISIONAL,JL RAYA PARAKAN MUNCANG RW 5. KODE POS: 45364.,CIMANGGUNG
PASAR GANEAS,SUMEDANG,PERORANGAN/TIDAK ADA PENGELOLA,PASAR TRADISIONAL,"DUSUN SUKANEGLA RT 02/RW 03, DESA GANEAS",GANEAS
PASAR SITURAJA,SUMEDANG,PEMERINTAH DAERAH,PASAR TRADISIONAL,JL RAYA UMAR WIRAHADIKUSUMAH RT 4 RW 5. KODE POS: 45371.,SITURAJA
PASAR SWADAYA CORENDA,SUMEDANG,SWASTA,PASAR TRADISIONAL,"JL UMAR WIRAHADIKUSUMAH KM. 15, DUSUN CORENDA RT 03/RW 03",CISITU
PASAR DARMARAJA,SUMEDANG,PEMERINTAH DAERAH,PASAR TRADISIONAL,JL RAYA KAUM DARMARAJA.,DARMARAJA
PASAR WADO,SUMEDANG,PEMERINTAH DAERAH,PASAR TRADISIONAL,JL RAYA WADO-MALANGBONG. KODE POS: 45373.,WADO
PASAR KRISIK/ PASAR NYALINDUNG,SUMEDANG,PEMERINTAH DAERAH,PASAR TRADISIONAL,"JL RAYA KRISIK WADO KM-15. DUSUN NYALINDUNG RT 03/RW 05, KODE POS: 45373.",JATINUNGGAL
PASAR DESA SUKAURIP,INDRAMAYU,PEMERINTAH DAERAH,PASAR TRADISIONAL,JL RAYA SUKAURIP. KODE POS: 45285.,BALONGAN
PASAR DAERAH INDRAMAYU,INDRAMAYU,PEMERINTAH DAERAH,PASAR TRADISIONAL,JL RAYA TANJUNGPURA NO 1 KARANGMALANG INDRAMAYU. KODE POS: 45213.,INDRAMAYU
PASAR ERETAN WETAN,INDRAMAYU,PEMERINTAH DAERAH,PASAR TRADISIONAL,BLOK PREMPU 2 RT 4 RW 4 DESA ERETAN WETAN KEC. KANDANGHAUR. KODE POS: 45254.,KANDANGHAUR
PASAR BUGEL,INDRAMAYU,PEMERINTAH DAERAH,PASAR TRADISIONAL,JL RAYA BUGEL DESA BUGEL. KODE POS: 45258.,PATROL
PASAR SUKAMELANG,INDRAMAYU,PERORANGAN/TIDAK ADA PENGELOLA,PASAR TRADISIONAL,JL PU SUKAMELANG BLOK PASAR. KODE POS: 45265.,KROYA
PASAR BANGKIR,INDRAMAYU,PEMERINTAH DAERAH,PASAR TRADISIONAL,JL RAYA RAMBATAN KULON. KODE POS: 45252.,LOHBENER
PASAR DESA BULAK,INDRAMAYU,PEMERINTAH DAERAH,PASAR TRADISIONAL,JL RTAYA BULAK DESA BULAK KODE POS 45254,KANDANGHAUR
PASAR DAERAH ANJATAN,INDRAMAYU,PEMERINTAH DAERAH,PASAR TRADISIONAL,JL RAYA PATROL ANJATAN KEC ANJATAN.,ANJATAN
PASAR DESA BUGIS,INDRAMAYU,PEMERINTAH DAERAH,PASAR TRADISIONAL,JL IRIGASI BUGIS MANGUNJAYA. KODE POS: 45256.,ANJATAN
PASAR SUKASLAMET,INDRAMAYU,PEMERINTAH DAERAH,PASAR TRADISIONAL,JL RAYA PU SUREN BLOK DESA . KODE POS: 45265.,KROYA
PASAR TEMIYANG,INDRAMAYU,PERORANGAN/TIDAK ADA PENGELOLA,PASAR TRADISIONAL,JL STASIUN CILEGEH BLOK CILEGEH RT 13/05,KROYA
PASAR DAERAH HAURGEULIS,INDRAMAYU,PEMERINTAH DAERAH,PASAR TRADISIONAL,JL A YANI RT 08 RW 02. KODE POS: 45264,HAURGEULIS
PASAR DESA KROYA,INDRAMAYU,SWASTA,PASAR TRADISIONAL,DESA KROYA BLOK PASAR RT 02 RW 01. KODE POS: 45265.,KROYA
PASAR DESA KEDOKANGABUS,INDRAMAYU,PEMERINTAH DAERAH,PASAR TRADISIONAL,JL DESA KEDONGGABUS BLOK I RT 005 RW 002. KODE POS: 45263.,GABUSWETAN
PASAR DESA CIKEDUNG,INDRAMAYU,PEMERINTAH DAERAH,PASAR TRADISIONAL,JL RAYA CIKEDUNG. KODE POS: 45262.,CIKEDUNG
PASAR DESA TERISI,INDRAMAYU,PEMERINTAH DAERAH,PASAR TRADISIONAL,"JL RAYA PS. TERISI, KARANGASEM, KEC. TERISI 45262",TERISI
PASAR DESA TUNGGUL PAYUNG / PASAR TUGU,INDRAMAYU,PERORANGAN/TIDAK ADA PENGELOLA,PASAR TRADISIONAL,BLOK I DESA TUNGGULPAYUNG. KODE POS: 45261. NOMOR TELPON: 085793343706.,LELEA
PASAR DESA TUKDANA/PASAR ASSAKINAH,INDRAMAYU,PERORANGAN/TIDAK ADA PENGELOLA,PASAR TRADISIONAL,JL RAYA TUKDANA. KODE POS: 45270.,TUKDANA
PASAR DESA TULUNGAGUNG,INDRAMAYU,PEMERINTAH DAERAH,PASAR TRADISIONAL,BLOK PASAR DESA TULUNGAGUNG RT 031 RW 005. KODE POS: 45274.,KERTASEMAYA
PASAR DAERAH BONDAN,INDRAMAYU,PEMERINTAH DAERAH,PASAR TRADISIONAL,BLOK PASAR RT 12 RW 006 DSA BONDAN KEC SUKAGUMIWANG. KODE POS: 45274.,SUKAGUMIWANG
PASAR DAERAH SINGAKERTA,INDRAMAYU,PEMERINTAH DAERAH,PASAR TRADISIONAL,JL RAYA SINGAKERTA RT 12 RW 3. KODE POS: 45284. NOMOR TELPON: 081911444144.,KRANGKENG
PASAR BARU,INDRAMAYU,PEMERINTAH DAERAH,PASAR TRADISIONAL,JL RAYA DAMPUAWANG. KODE POS: 45283.,KARANGAMPEL
PASAR DESA KEDOKAN AGUNG,INDRAMAYU,SWASTA,PASAR TRADISIONAL,BLOK WETAN RT 006 RW 02. KODE POS: 45283.,KEDOKAN BUNDER
PASAR DESA SEGERAN,INDRAMAYU,PERORANGAN/TIDAK ADA PENGELOLA,PASAR TRADISIONAL,BLOK PASAR RT 18 RW 08. KODE POS: 45282.,JUNTINYUAT
PASAR DAERAH JATIBARANG,INDRAMAYU,PEMERINTAH DAERAH,PASAR TRADISIONAL,JL MAYOR SANGUN. KODE POS: 45273. NOMOR TELPON: 087828734373.,JATIBARANG
PASAR DESA SINGARAJA,INDRAMAYU,PEMERINTAH DAERAH,PASAR TRADISIONAL,JL RAYA SINGARAJA KM 4,INDRAMAYU
PASAR DESA CAPLEK,INDRAMAYU,PEMERINTAH DAERAH,PASAR TRADISIONAL,JL MT HARYONO. KODE POS: 45223.,SINDANG
PASAR BATAVIA,INDRAMAYU,PERORANGAN/TIDAK ADA PENGELOLA,PASAR TRADISIONAL,DESA CEMARA JL PERTAMINA BLOK KARANG UYAH RT 02/01,CANTIGI
PASAR DAERAH LOSARANG,INDRAMAYU,PEMERINTAH DAERAH,PASAR TRADISIONAL,DESA KRIMUN JALAN RAYA LOSARANG. KODE POS: 45253.,LOSARANG
PASAR DAERAHKANDANGHAUR,INDRAMAYU,PEMERINTAH DAERAH,PASAR TRADISIONAL,JL RAYA CILET DESA KARANGANYAR . KODE POS: 45254.,KANDANGHAUR
PASAR KEDUNGWUNGU,INDRAMAYU,PEMERINTAH DAERAH,PASAR TRADISIONAL,JL RAYA KEDUNGWUNGU HAURGEULIS KEC ANJATAN. KODE POS: 45256.,ANJATAN
PASAR DAERAH SUKRA,INDRAMAYU,PEMERINTAH DAERAH,PASAR TRADISIONAL,JL GAJAHMADA NO 8 DESA SUKRA . KODE POS: 45257.,SUKRA
PASAR DAERAH PATROL,INDRAMAYU,PEMERINTAH DAERAH,PASAR TRADISIONAL,JL RAYA PATROL DESA PATROL . KODE POS: 45258.,PATROL
PASAR JAYAMULYA,INDRAMAYU,PEMERINTAH DAERAH,PASAR TRADISIONAL,JL PU JAYAMULYA BLOK CIPEDANG JUBLEG RT 09 RW 03. KODE POS: 45265.,KROYA
PASAR DESA GABUSWETAN,INDRAMAYU,PEMERINTAH DAERAH,PASAR TRADISIONAL,JL RAYA GABUS WETAN RT6 RW 01. KODE POS: 45263.,GABUSWETAN
PASAR CIKAWUNG,INDRAMAYU,PEMERINTAH DAERAH,PASAR TRADISIONAL,RT 07/RW 03 DESA CIKAWUNG. KODE POS: 45262.,TERISI
PASAR DESA LELEA,INDRAMAYU,PEMERINTAH DAERAH,PASAR TRADISIONAL,BLOK BRANGKAL RT 08/02. KODE POS: 45261.,LELEA
PASAR DESA JAMBE,INDRAMAYU,PEMERINTAH DAERAH,PASAR TRADISIONAL,BLOK TALOK DESA JAMBE RT 01 RW 01 KODE POS 45274,KERTASEMAYA
PASAR DESA DADAP,INDRAMAYU,SWASTA,PASAR TRADISIONAL,JL. PESISIR SYEKH SAMAUN RT 01 RW 10 BLOK BALAI DESA. KODE POS: 45282.,JUNTINYUAT
PASAR KARANG HEGAR (PRINGKASEP),SUBANG,PEMERINTAH DAERAH,PASAR TRADISIONAL,JL RAYA KARANG HEGAR RT 35 RW 10. KODE POS: 41262,PABUARAN
PASAR SAGALA HERANG KALER,SUBANG,PEMERINTAH DAERAH,PASAR TRADISIONAL,SUNIA RAJA RT 09 / RW 04. KODE POS: 41282.,SAGALAHERANG
PASAR JALAN CAGAK,SUBANG,PERORANGAN/TIDAK ADA PENGELOLA,PASAR TRADISIONAL,JL RAYA JALAN CAGAK-SUBANG. KODE POS: 41281.,JALANCAGAK
PASAR PALASARI,SUBANG,PERORANGAN/TIDAK ADA PENGELOLA,PASAR TRADISIONAL,JL RAYA PALASARI. KODE POS: 41281.,CIATER
PASAR CISALAK,SUBANG,PEMERINTAH DAERAH,PASAR TRADISIONAL,JL RAYA CISALAK NO 1. KODE POS: 41283.,CISALAK
PASAR KASOMALANG,SUBANG,PEMERINTAH DAERAH,PASAR TRADISIONAL,JL RAYA KASOMALANG WETAN. KODE POS: 41283,KASOMALANG
PASAR TANJUNG SIANG,SUBANG,PEMERINTAH DAERAH,PASAR TRADISIONAL,JL RAYA TANJUNGSIANG RT 1 RW 1. KODE POS: 41284.,TANJUNGSIANG
PASAR AUL,SUBANG,PEMERINTAH DAERAH,PASAR TRADISIONAL,KP AUL DESA CIRANGKONG,CIJAMBE
PASAR PUJASERA SUBANG,SUBANG,PEMERINTAH DAERAH,PASAR TRADISIONAL,JL LETJEN SUPRAPTO.,SUBANG
PASAR KALIJATI,SUBANG,PEMERINTAH DAERAH,PASAR TRADISIONAL,JL RAYA PASAR KALIJATI . KODE POS: 41271.,KALIJATI
PASAR CIPEUNDEUY,SUBANG,PEMERINTAH DAERAH,PASAR TRADISIONAL,RT 03 / RW 01 DSN 3 DUSUN CIPENDEUY. KODE POS: 41272.,CIPEUNDEUY
PASAR PABUARAN,SUBANG,PEMERINTAH DAERAH,PASAR TRADISIONAL,JL RAYA PABUARAN,PABUARAN
PASAR PURWADADI,SUBANG,PEMERINTAH DAERAH,PASAR TRADISIONAL,JL RAYA PURWODADI DUSUN KRASAN TIMUR . KODE POS: 41261.,PURWADADI
PASAR AMPERA,SUBANG,PEMERINTAH DAERAH,PASAR TRADISIONAL,JL RAYA AMPERA RT 10 RW 2. KODE POS: 41253.,CIKAUM
PASAR PAGADEN INPRES,SUBANG,PEMERINTAH DAERAH,PASAR TRADISIONAL,RT 33 / RW 09 BLOK A NO. 21 & 26 DESA SUKAMULYA. KODE POS: 41252.,PAGADEN
PASAR TANJUNG (CIPUNAGARA),SUBANG,PEMERINTAH DAERAH,PASAR TRADISIONAL,DUSUN CIPUNAGARA RT 16 RW 5. KODE POS: 41257.,CIPUNAGARA
PASAR SUKASENANG,SUBANG,PERORANGAN/TIDAK ADA PENGELOLA,PASAR TRADISIONAL,DUSUN SUKASENENG RT 24 RW 10. KODE POS: 41258.,COMPRENG
PASAR WATES,SUBANG,SWASTA,PASAR TRADISIONAL,DSN WATES RT 15C RW 4. KODE POS: 41253,BINONG
PASAR CIASEM,SUBANG,PEMERINTAH DAERAH,PASAR TRADISIONAL,DSN KRAJAN RT 01-02 / RW 01. KODE POS: 41256.,CIASEM
PASAR INPRES PAMANUKAN,SUBANG,PEMERINTAH DAERAH,PASAR TRADISIONAL,JL CECE ZAKARIA RT 3 RW 11 KODEPOS 41254,PAMANUKAN
PASAR PUSAKAJAYA,SUBANG,PEMERINTAH DAERAH,PASAR TRADISIONAL,DSN MEKARJAYA RT 04 / RW 01. KODE POS: 41255.,PUSAKAJAYA
PASAR BOBOS,SUBANG,PERORANGAN/TIDAK ADA PENGELOLA,PASAR TRADISIONAL,RT 08 / RW 03 DUSUN BOBOS. KODE POS: 41254,LEGONKULON
PASAR SIRAP,SUBANG,PEMERINTAH DAERAH,PASAR TRADISIONAL,RT 05 / RW 02 SIRAP TANJUNGSIANG. KODE POS: 41284.,TANJUNGSIANG
PASAR SUKAMANDI,SUBANG,PEMERINTAH DAERAH,PASAR TRADISIONAL,JL AHMAD YANI DUSUN SUKAMANDI RT 28/ RW 07. KODE POS: 41256.,CIASEM
PASAR RAKYAT,SUBANG,PEMERINTAH DAERAH,PASAR TRADISIONAL,JL DARMODIHARJO BELAKANG TERMINAL SUBANG,SUBANG
PASAR REBO,PURWAKARTA,PEMERINTAH DAERAH,PASAR TRADISIONAL,JL KAPTEN HALIM. KODE POS: 41115.,PURWAKARTA
PASAR LEUWI PANJANG,PURWAKARTA,PEMERINTAH DAERAH,PASAR TRADISIONAL,JL ABDUL KODIR,PURWAKARTA
PASAR PALUMBON MANIIS,PURWAKARTA,PERORANGAN/TIDAK ADA PENGELOLA,PASAR TRADISIONAL,KAMPUNG PALUMBON RT 01/01. KODE POS: 41166.,MANIIS
PASAR CITEKO,PURWAKARTA,PEMERINTAH DAERAH,PASAR TRADISIONAL,RT 12/02 DESA CITEKO. KODE POS: 41162.,PLERED
PASAR ANYAR SUKATANI,PURWAKARTA,SWASTA,PASAR TRADISIONAL,"JL,RAYA BEUNDIL SUKATANI RT 30/08. KODE POS: 41167.",SUKATANI
PASAR SAWIT,PURWAKARTA,PEMERINTAH DAERAH,PASAR TRADISIONAL,KAMPUNG SAWIT RT 02 /RW 01. KODE POS: 41163.,DARANGDAN
PASAR BOJONG,PURWAKARTA,PEMERINTAH DAERAH,PASAR TRADISIONAL,JL RAYA BOJONG - SAWIT. KODE POS: 41164.,BOJONG
PASAR WANAYASA,PURWAKARTA,PEMERINTAH DAERAH,PASAR TRADISIONAL,JL RAYA WANAYASA RT 9 /3 DESA WANAYASA KEC WANAYASA. KODE POS: 47116.,WANAYASA
PASAR TARINGGUL LANDEUH,PURWAKARTA,PEMERINTAH DAERAH,PASAR TRADISIONAL,JL DESA TARINGGULANDEUH KAMPUNG KRAJAN RT 07 RW 02. KODE POS: 41175.,KIARAPEDES
PASAR PASAWAHAN,PURWAKARTA,PEMERINTAH DAERAH,PASAR TRADISIONAL,PASAR PENGKOLAN PASAWAHAN. KODE POS: 41172.,PASAWAHAN
PASAR REBO - SIMPANG,PURWAKARTA,SWASTA,PASAR TRADISIONAL,JL KAPTEN HALIM NO. 1 RT 44 RW 15. KODE POS: 41112.,PURWAKARTA
PASAR RESTU CILALAWI,PURWAKARTA,PEMERINTAH DAERAH,PASAR TRADISIONAL,JL RAYA CILALAWI. KODE POS: 41167,SUKATANI
PASAR TARINGGUL TONGGOH,PURWAKARTA,PEMERINTAH DAERAH,PASAR TRADISIONAL,KAMPUNG KRAJAN RT 01/ RW01 DESA TARINGGUL TONGGOH KODE POS 41174.,WANAYASA
PASAR TELAGASARI,KARAWANG,PEMERINTAH DAERAH,PASAR TRADISIONAL,JL RAYA TELAGA SARI- KOSAMBI. KODE POS: 41381. NOMOR TELPON: 081574648777.,TELAGASARI
PASAR LOJI,KARAWANG,SWASTA,PASAR TRADISIONAL,JL CURUG CIGENTIS NO.184 -CINTA LAKSANA. NOMOR TELPON: 081296503964.,TEGALWARU
PASAR KOSAMBI,KARAWANG,PEMERINTAH DAERAH,PASAR TRADISIONAL,JL RAYA KOSAMBI NO.5 H. KODE POS: 41371. NOMOR TELPON: 085213854457.,KLARI
PASAR CIKAMPEK III,KARAWANG,SWASTA,PASAR TRADISIONAL,JL KAMOJING- CIKAMPEK. KODE POS: 41373. NOMOR TELPON: 08111239800.,CIKAMPEK
PASAR JATISARI,KARAWANG,PEMERINTAH PUSAT,PASAR TRADISIONAL,JL PANTURA DEPAN RS.PURIASIH,JATISARI
PASAR GEMPOL,KARAWANG,PEMERINTAH PUSAT,PASAR TRADISIONAL,DSN. GEMPOL PASAR. KODE POS: 41374.,BANYUSARI
"PASAR LEMAHABANG, WADAS",KARAWANG,PEMERINTAH DAERAH,PASAR TRADISIONAL,DS. KRAJAN 3 RT.005/02. KODE POS: 45183. NOMOR TELPON: 082113099314.,LEMAHABANG
PASAR KARANG JATI,KARAWANG,SWASTA,PASAR TRADISIONAL,RT. 002 RW. 006,PEDES
PASAR CITOPENG,KARAWANG,SWASTA,PASAR TRADISIONAL,DS. CITOPENG. KODE POS: 41357.,TIRTAJAYA
PASAR CIKAMPEK III,KARAWANG,PEMERINTAH DAERAH,PASAR TRADISIONAL,JL RAYA TERMINAL NO.96. KODE POS: 41371. NOMOR TELPON: 083117047250.,CIKAMPEK
PASAR JATIRAGAS/ JATI WANGI,KARAWANG,PEMERINTAH PUSAT,PASAR TRADISIONAL,DS. KRAJAN 1 RT.01/01. KODE POS: 41374. NOMOR TELPON: 081519200064.,JATISARI
PASAR CILAMAYA,KARAWANG,SWASTA,PASAR TRADISIONAL,DSN PASAR RT.01 /02. KODE POS: 41384. NOMOR TELPON: 08568827663.,CILAMAYA WETAN
PASAR BARU KARAWANG,KARAWANG,PEMERINTAH PUSAT,PASAR TRADISIONAL,JL TUPAREV NO.85 RT.01/07. KODE POS: 41312. NOMOR TELPON: 087800138486.,KARAWANG BARAT
PASAR RENGASDENGKLOK,KARAWANG,PEMERINTAH PUSAT,PASAR TRADISIONAL,JL PERINTIS KEMERDEKAAN NO.37. KODE POS: 41352. NOMOR TELPON: 085719622090.,RENGASDENGKLOK
PASAR JOHAR,KARAWANG,SWASTA,PASAR TRADISIONAL,JL SUROTO KUNTO NO.60. KODE POS: 41311.,KARAWANG TIMUR
PASAR BERSIH GALUH MAS,KARAWANG,SWASTA,PASAR TRADISIONAL,JL RAYA GALUH MAS RAYA NO.1. KODE POS: 41361. NOMOR TELPON: 02678458739.,TELUKJAMBE TIMUR
PASAR PERUMNAS,KARAWANG,SWASTA,PASAR TRADISIONAL,JL SADEWA - WADAS. KODE POS: 41361. NOMOR TELPON: 082312279663.,TELUKJAMBE TIMUR
PASAR KONDANG,KARAWANG,SWASTA,PASAR TRADISIONAL,KP.KRAJAN 2 RT 3 RW 04,KARAWANG TIMUR
PASAR TRADISONAL H. ABDUL MALIK,BEKASI,PERORANGAN/TIDAK ADA PENGELOLA,PASAR TRADISIONAL,JL IMAM BONJOL,CIKARANG BARAT
PASAR BERAS,BEKASI,PEMERINTAH DAERAH,PASAR TRADISIONAL,JL KI ASNAWI,CIKARANG BARAT
PASAR MANGUN JAYA,BEKASI,,PASAR TRADISIONAL,JL RAYA MANGUN JAYA RT 2 RW 13. KODE POS: 17510. NOMOR TELPON: 02188370187.,TAMBUN SELATAN
PASAR KOJENGKANG,BEKASI,,PASAR TRADISIONAL,KP KOJENGKANG KP SAWAH RT .002 RW 08 .,SETU
PASAR PASIR KUPANG,BEKASI,PEMERINTAH DAERAH,PASAR TRADISIONAL,KP PASIR KUPANG RT 3 RW 2. KODE POS: 17330. NOMOR TELPON: 081318871589.,SERANG BARU
PASAR TEGAL DANAS,BEKASI,,PASAR TRADISIONAL,KP TEGAL DANAS,CIKARANG PUSAT
PASAR SERANG,BEKASI,,PASAR TRADISIONAL,JL RAYA CIBARUSAH. KODE POS: 17530.,CIKARANG SELATAN
PASAR CIBARUSAH,BEKASI,PEMERINTAH DAERAH,PASAR TRADISIONAL,JL RAYA CIBARUSAH. NOMOR TELPON: 081368224321.,CIBARUSAH
PASAR KEDUNGGEDE,BEKASI,PEMERINTAH DAERAH,PASAR TRADISIONAL,JL RAYA KEDUNGWARINGIN NO 1,KEDUNGWARINGIN
PASAR GABUS,BEKASI,PEMERINTAH DAERAH,PASAR TRADISIONAL,KAMPUNG GABUS TENGAH RT 01/01 SRIMUKTI,TAMBUN UTARA
PASAR SETU,BEKASI,PEMERINTAH DAERAH,PASAR TRADISIONAL,JL RAYA SETU,CIKARANG BARAT
PASAR MODERN GRAND WISATA,BEKASI,,PASAR TRADISIONAL,"JL RAYA MUSTIKA JAYA. LAMBANG SARI ,TAMBUN SELATAN. KODE POS: 17510. NOMOR TELPON: (021) 29080008.",TAMBUN SELATAN
PASAR SETIA MEKAR,BEKASI,PEMERINTAH DAERAH,PASAR TRADISIONAL,SETAMEKAR,TAMBUN UTARA
PASAR BABELAN,BEKASI,,PASAR TRADISIONAL,JL RAYA BABELAN KOTA.,BABELAN
PASAR TARUMAJAYA,BEKASI,,PASAR TRADISIONAL,JL RAYA TARUMAJAYA RT / 003/05. NOMOR TELPON: (0833) 93161298. NOMOR FAX: KHALIS KUSTANTO.,TARUMAJAYA
PASAR TAMBELANG,BEKASI,PEMERINTAH DAERAH,PASAR TRADISIONAL,SUKARAPIH,TAMBELANG
PASAR TAMBUN,BEKASI,,PASAR TRADISIONAL,JL SULTAN HASANUDIN NO 18. KODE POS: 17510.,TAMBUN SELATAN
PASAR SUKATANI,BEKASI,,PASAR TRADISIONAL,JL RAYA SUKATANI.,SUKATANI
PASAR KERTASARI,BEKASI,PEMERINTAH DAERAH,PASAR TRADISIONAL,KERTASARI,PEBAYURAN
PASAR TAPAK SERANG,BEKASI,,PASAR TRADISIONAL,KP. TAPAK SERANG RT 07 /03 . NOMOR TELPON: 085 092266058.,CABANGBUNGIN
PASAR MUARA GEMBONG,BEKASI,PEMERINTAH DAERAH,PASAR TRADISIONAL,PANTAI MEKAR,MUARA GEMBONG
PASAR SERANG SETU,BEKASI,,PASAR TRADISIONAL,KP SERANG RT 01 /02 .JL RAYA SETU -CILENGSI . KODE POS: 17320.,SETU
PASAR BARU CIKARANG,BEKASI,PEMERINTAH DAERAH,PASAR TRADISIONAL,JL RE MARTADINATA NO 2,CIKARANG UTARA
PASAR MINI WANASARI,BEKASI,,PASAR TRADISIONAL,JL RAYA BOSIH. NOMOR TELPON: 081219881919.,CIBITUNG
PASAR TELAGA MURNI,BEKASI,PEMERINTAH DAERAH,PASAR TRADISIONAL,TELAGA MURNI,CIKARANG BARAT
PASAR SRIAMUR,BEKASI,PEMERINTAH DAERAH,PASAR TRADISIONAL,SRIAMUR,TAMBUN UTARA
PASAR LEMBANG,BANDUNG BARAT,PEMERINTAH DAERAH,PASAR TRADISIONAL,JL PASAR PANORAMA LEMBANG. KODE POS: 40391. NOMOR TELPON: 081321076718,LEMBANG
PASAR CIBENDA,BANDUNG BARAT,PEMERINTAH DAERAH,PASAR TRADISIONAL,DS CIBENDA,CIPONGKOR
PASAR SIRNAGALIH,BANDUNG BARAT,PEMERINTAH DAERAH,PASAR TRADISIONAL,DS SIRNAGALIH,CIPONGKOR
PASAR CINTAASIH,BANDUNG BARAT,PEMERINTAH DAERAH,PASAR TRADISIONAL,DS CINTAASIH,CIPONGKOR
PASAR DESA SUKARESMI,BANDUNG BARAT,PEMERINTAH DAERAH,PASAR TRADISIONAL,DS SUKARESMI,RONGGA
PASAR SABTU GUNUNGHALU,BANDUNG BARAT,PEMERINTAH DAERAH,PASAR TRADISIONAL,GUNUNGHALU 40565,GUNUNGHALU
PASAR SINDANGKERTA,BANDUNG BARAT,PEMERINTAH DAERAH,PASAR TRADISIONAL,KP CIMANTAR RT 3 RW 3. KODE POS: 40563,SINDANGKERTA
PASAR DESA RANCA PANGGUNG,BANDUNG BARAT,PEMERINTAH DAERAH,PASAR TRADISIONAL,JL RAYA RANCAPANGGUNG NO 01. KODE POS: 40562,CILILIN
PASAR MAROKO,BANDUNG BARAT,PEMERINTAH DAERAH,PASAR TRADISIONAL,KP MAROKO RT 3 RW 2.,CIHAMPELAS
PASAR DESA CITALEM,BANDUNG BARAT,,PASAR TRADISIONAL,JL RAYA CITALEM,CIPONGKOR
PASAR BATUJAJAR (PASAR CERMAT BATUJAJAR),BANDUNG BARAT,SWASTA,PASAR TRADISIONAL,JL RAYA BATUJAJAR RT 3 RW 10. KODE POS: 40561. NOMOR TELPON: 0226864800. NOMOR FAX: 0226864801. EMAIL: BANGUNBINABATUJAJAR@GMAIL.COM,BATUJAJAR
PASAR DESA SAGULING,BANDUNG BARAT,PEMERINTAH DAERAH,PASAR TRADISIONAL,DS SAGULING,SAGULING
PASAR RAJAMANDALA,BANDUNG BARAT,PEMERINTAH DAERAH,PASAR TRADISIONAL,JL RAYA RAJAMANDALA RT 04 RW 10. NOMOR TELPON: 081347722020,CIPATAT
PASAR GEDONG LIMA PADALARANG,BANDUNG BARAT,PEMERINTAH DAERAH,PASAR TRADISIONAL,JL GEDONG LIMA DESA KERTAJAYA. KODE POS: 40553,PADALARANG
PASAR RAWA,BANDUNG BARAT,,PASAR TRADISIONAL,"TANIMULYA, KEC. NGAMPRAH 40552",NGAMPRAH
PASAR PARONGPONG,BANDUNG BARAT,PEMERINTAH DAERAH,PASAR TRADISIONAL,"PS. TERMINAL PARONGPONG, JL KOLONEL MASTURI, KARYAWANGI, KEC. PARONGPONG 40559",PARONGPONG
PASAR BARUKAI CISARUA,BANDUNG BARAT,PEMERINTAH DAERAH,PASAR TRADISIONAL,KP BARUKAI RT 3 RW 11. KODE POS: 40551.,CISARUA
PASAR CIPTAGUMATI,BANDUNG BARAT,PEMERINTAH DAERAH,PASAR TRADISIONAL,KP WARUNGJATI RT 03 RW 06. KODE POS: 40556.,CIKALONG WETAN
PASAR CIPEUNDEUY,BANDUNG BARAT,PEMERINTAH DAERAH,PASAR TRADISIONAL,KP CIPENDEUY RT 1 RW 7,CIPEUNDEUY
PASAR DESA CICADAS,BANDUNG BARAT,PEMERINTAH DAERAH,PASAR TRADISIONAL,DS CICADAS,RONGGA
PASAR SIRNAJAYA,BANDUNG BARAT,PEMERINTAH DAERAH,PASAR TRADISIONAL,DS SIRNAJAYA,GUNUNGHALU
PASAR DS MUKAPAYUNG,BANDUNG BARAT,PEMERINTAH DAERAH,PASAR TRADISIONAL,DS MUKAPAYUNG,CILILIN
PASAR DESA MEKARMUKTI,BANDUNG BARAT,PEMERINTAH PUSAT,PASAR TRADISIONAL,KP PASAR RT 02 RW 02 DESA MEKARMUKTI. KODE POS: 40676. NOMOR TELPON: 087822995996,CIHAMPELAS
PASAR DESA SUKAMULYA,BANDUNG BARAT,PEMERINTAH DAERAH,PASAR TRADISIONAL,DS SUKAMULYA,CIPONGKOR
PASAR TAGOG PADALARANG,BANDUNG BARAT,PEMERINTAH DAERAH,PASAR TRADISIONAL,JL PURWAKARTA NO 20. KODE POS: 40553,PADALARANG
PASAR BUAH (SHOPPING CENTER),BANDUNG BARAT,PEMERINTAH DAERAH,PASAR TRADISIONAL,JL RAYA LEMBANG. KODE POS: 40552. NOMOR TELPON: 08121410286,LEMBANG
PASAR CIPADA,BANDUNG BARAT,PEMERINTAH DAERAH,PASAR TRADISIONAL,DS CIPADA,CIKALONG WETAN
PASAR CIHARASHAS,BANDUNG BARAT,PEMERINTAH DAERAH,PASAR TRADISIONAL,DS CIHARASHAS,CIPEUNDEUY
PASAR DESA BOJONGSALAM,BANDUNG BARAT,PEMERINTAH DAERAH,PASAR TRADISIONAL,DS BOJONGSALAM,RONGGA
PASAR TAMANJAYA,BANDUNG BARAT,PEMERINTAH DAERAH,PASAR TRADISIONAL,BUNIJAYA,GUNUNGHALU
PASAR BONGAS,BANDUNG BARAT,PEMERINTAH DAERAH,PASAR TRADISIONAL,DS BONGAS,CILILIN
PASAR DESA TANJUNGJAYA,BANDUNG BARAT,PEMERINTAH DAERAH,PASAR TRADISIONAL,DS TANJUNGJAYA,CIHAMPELAS
PASAR DESA CIJENUK,BANDUNG BARAT,PEMERINTAH DAERAH,PASAR TRADISIONAL,DS CIJENUK,CIPONGKOR
PASAR WANGUNJAYA,BANDUNG BARAT,PEMERINTAH DAERAH,PASAR TRADISIONAL,DS WANGUNJAYA,CIKALONG WETAN
PASAR SIRNARAJA,BANDUNG BARAT,PEMERINTAH DAERAH,PASAR TRADISIONAL,DS SIRNARAJA,CIPEUNDEUY
PASAR DESA CINENGAH,BANDUNG BARAT,PEMERINTAH DAERAH,PASAR TRADISIONAL,DS CINENGAH,RONGGA
PASAR CILANGARI,BANDUNG BARAT,PEMERINTAH DAERAH,PASAR TRADISIONAL,DS CILANGARI,GUNUNGHALU
PASAR DESA NEGLASARI,BANDUNG BARAT,PEMERINTAH DAERAH,PASAR TRADISIONAL,DS NEGLASARI,CIPONGKOR
PASAR KANANGASARI,BANDUNG BARAT,PEMERINTAH DAERAH,PASAR TRADISIONAL,DS KANANGASARI,CIKALONG WETAN
PASAR JATIMAKER,BANDUNG BARAT,PEMERINTAH DAERAH,PASAR TRADISIONAL,DS JATIMEKAR,CIPEUNDEUY
PASAR DESA CIBITUNG,BANDUNG BARAT,PEMERINTAH DAERAH,PASAR TRADISIONAL,DS CIBITUNG,RONGGA
PASAR SINDANGJAYA,BANDUNG BARAT,PEMERINTAH DAERAH,PASAR TRADISIONAL,DS SINDANGJAYA,GUNUNGHALU
PASAR DESA SARINAGEN,BANDUNG BARAT,PEMERINTAH DAERAH,PASAR TRADISIONAL,DS SARINAGEN,CIPONGKOR
PASAR MARGALAKSANA,BANDUNG BARAT,PEMERINTAH DAERAH,PASAR TRADISIONAL,DS MARAGALAKSANA,CIPEUNDEUY
PASAR DESA BOJONG,BANDUNG BARAT,PEMERINTAH DAERAH,PASAR TRADISIONAL,DS BOJONG,RONGGA
PASAR BARANANGSIANG,BANDUNG BARAT,PEMERINTAH DAERAH,PASAR TRADISIONAL,DS BARANANGSIANG,CIPONGKOR
PASAR CIJAMBU,BANDUNG BARAT,PEMERINTAH DAERAH,PASAR TRADISIONAL,DS CIJAMBU,CIPONGKOR
PASAR PARIGI,PANGANDARAN,PEMERINTAH DAERAH,PASAR TRADISIONAL,JL RAYA PANGANDARAN DSN PURWASARI RT 02 / RW 08. KODE POS: 46393.,PARIGI
PASAR KALIPUCANG,PANGANDARAN,PEMERINTAH DAERAH,PASAR TRADISIONAL,JL RAYA KALIPUCANG DSN GIRISETRA RT 03 / RW 01. KODE POS: 46397.,KALIPUCANG
PASAR MARUYUNGSARI,PANGANDARAN,PEMERINTAH DAERAH,PASAR TRADISIONAL,DSN MEKARSARI RT 23 RW 10. KODE POS: 46384.,PADAHERANG
PASAR GIMBAL,PANGANDARAN,PEMERINTAH DAERAH,PASAR TRADISIONAL,RT 06 RW 01 DESA MANGUNJAYA. KODE POS: 46371.,MANGUNJAYA
PASAR LEGOKJAWA,PANGANDARAN,PEMERINTAH DAERAH,PASAR TRADISIONAL,DUSUN SINDANGSARI RT 2 RW 1. KODE POS: 46395.,CIMERAK
PASAR GUNUNG KELIR DESA CIMANGGU,PANGANDARAN,PEMERINTAH DAERAH,PASAR TRADISIONAL,DSN CIBEUREUM RT 07 / RW 02. KODE POS: 46391.,LANGKAPLANCAR
PASAR CIBENDA,PANGANDARAN,PEMERINTAH DAERAH,PASAR TRADISIONAL,DSN SINARGALIH RT 02 / RW 08. KODE POS: 463923.,PARIGI
PASAR TUNGGILIS,PANGANDARAN,PEMERINTAH DAERAH,PASAR TRADISIONAL,RT 1 RW 10 DUSUN SUKAMAJU . KODE POS: 46397.,KALIPUCANG
PASAR DESA KARANGPAWITAN,PANGANDARAN,PEMERINTAH DAERAH,PASAR TRADISIONAL,DSN PATINGGEN II RT 19 RW 5. KODE POS: 46384.,PADAHERANG
PASAR LIMUSGEDE,PANGANDARAN,PEMERINTAH DAERAH,PASAR TRADISIONAL,DUSUN BANJARWARU RT 05 RW 01,CIMERAK
PASAR MEKARWANGI,PANGANDARAN,PEMERINTAH DAERAH,PASAR TRADISIONAL,DUSUN PASIRAGAS RT 02/01,LANGKAPLANCAR
PASAR SINDANGSARI,PANGANDARAN,PEMERINTAH DAERAH,PASAR TRADISIONAL,DUSUN CIKIJING RT 23 RW 5. KODE POS: 46395.,CIMERAK
PASAR CIAKAR,PANGANDARAN,PEMERINTAH DAERAH,PASAR TRADISIONAL,RT 01 RW 01,CIJULANG
PASAR CICAU DESA PANGKALAN,PANGANDARAN,PEMERINTAH DAERAH,PASAR TRADISIONAL,DSN CITARUNGGANG RT 01 / RW 05. KODE POS: 46391.,LANGKAPLANCAR
PASAR KARANGANYAR (KERTARAHARJA),PANGANDARAN,PEMERINTAH DAERAH,PASAR TRADISIONAL,DSN PARAKAN RT 10 / RW 04. KODE POS: 46395.,CIMERAK
PASAR CIJULANG,PANGANDARAN,PEMERINTAH DAERAH,PASAR TRADISIONAL,DUSUN KALENWADAS RT 1 RW 8. KODE POS: 46394.,CIJULANG
PASAR JAYASARI,PANGANDARAN,PEMERINTAH DAERAH,PASAR TRADISIONAL,DSN JAYASARI RT 02 / RW 06. KODE POS: 46391.,LANGKAPLANCAR
PASAR DESA BANGUN JAYA,PANGANDARAN,PEMERINTAH DAERAH,PASAR TRADISIONAL,DSN LIMUSNUNGGAL RT 03 / RW 01. KODE POS: 46391. EMAIL: DESABANGUNJAYA02@GMAIL.COM.,LANGKAPLANCAR
PASAR SABTU SELASARI,PANGANDARAN,PEMERINTAH DAERAH,PASAR TRADISIONAL,DSN SALAKAMBANG RT 01 / RW 01. KODE POS: 46393.,PARIGI
PASAR CIBANTEN,PANGANDARAN,PEMERINTAH DAERAH,PASAR TRADISIONAL,DSN CIBANTEN RT 02 / RW 03. KODE POS: 46394.,CIJULANG
PASAR CIMINDI,PANGANDARAN,PEMERINTAH DAERAH,PASAR TRADISIONAL,DSN CIBIRU RT 01 / RW 02. KODE POS: 46392.,CIGUGUR
PASAR BUNGUR RAYA,PANGANDARAN,PEMERINTAH DAERAH,PASAR TRADISIONAL,DSN BUNGUR RAYA RT 05 / RW 02. KODE POS: 46391.,LANGKAPLANCAR
PASAR CIKEMBULAN,PANGANDARAN,PEMERINTAH DAERAH,PASAR TRADISIONAL,JL RAYA CIJULANG RT 03 / RW 01. KODE POS: 46565.,SIDAMULIH
PASAR PANANJUNG-PANGANDARAN,PANGANDARAN,PEMERINTAH DAERAH,PASAR TRADISIONAL,JL RAYA CIJULANG . KODE POS: 46396.,PANGANDARAN
PASAR CIGANJENG,PANGANDARAN,PEMERINTAH DAERAH,PASAR TRADISIONAL,DSN PASAR RT 1 RW 2. KODE POS: 46384.,PADAHERANG
PASAR JUMAT (NAMBO),PANGANDARAN,PEMERINTAH DAERAH,PASAR TRADISIONAL,DUSUN SUKAMAJU RT 5 RW 8. KODE POS: 46371.,MANGUNJAYA
PASAR KARANGKAMIRI,PANGANDARAN,PEMERINTAH DAERAH,PASAR TRADISIONAL,DSN BANGUNSARI RT 01 / RW 02. KODE POS: 46391.,LANGKAPLANCAR
PASAR SIDAMULIH,PANGANDARAN,PEMERINTAH DAERAH,PASAR TRADISIONAL,DSN KARANGSARI RT 03 / RW 01. KODE POS: 46565.,SIDAMULIH
PASAR MERDEKA,BOGOR,PEMERINTAH DAERAH,PASAR TRADISIONAL,JL PERINTIS KEMERDEKAAN . KODE POS: 16125. NOMOR TELPON: 02518323546. EMAIL: MDK.PDTPJ@GMAIL.COM.,BOGOR TENGAH
PD PASAR PAKUAN/PASAR KEBUN KEMBANG,BOGOR,PEMERINTAH DAERAH,PASAR TRADISIONAL,JL DESI SARTIKA NO 10. KODE POS: 16121. NOMOR TELPON: 02518324219.,BOGOR TENGAH
PASAR BALEKAMBANG,BOGOR,PERORANGAN/TIDAK ADA PENGELOLA,PASAR TRADISIONAL,JL BATU TULIS,BOGOR SELATAN
PASAR GUNUNG BATU,BOGOR,PEMERINTAH DAERAH,PASAR TRADISIONAL,JL MAYJEN ISHAK JUARSA. NOMOR TELPON: 02518376138. EMAIL: PSRGUNBAT.PDPPJ@GMAIL.COM.,BOGOR BARAT
PASAR JAMBU DUA,BOGOR,PEMERINTAH DAERAH,PASAR TRADISIONAL,JL AHMAD YANI NO 87. EMAIL: JAMBUDUA228@GMAIL.COM.,TANAH SAREAL
PASAR INDUK KEMANG,BOGOR,SWASTA,PASAR TRADISIONAL,JL SOLEH ISKANDAR RT 1 RW 1 CIBADAK. NOMOR TELPON: 02517536528.,TANAH SAREAL
PASAR BARU BOGOR,BOGOR,PEMERINTAH DAERAH,PASAR TRADISIONAL,JL SURYAKENCANA NO 3. NOMOR TELPON: 02518361721,BOGOR TENGAH
PASAR BARU BOGOR UNIT II,BOGOR,PEMERINTAH DAERAH,PASAR TRADISIONAL,JL SURYA KENCANA,BOGOR TENGAH
PASAR DEVRIES,BOGOR,PEMERINTAH DAERAH,PASAR TRADISIONAL,JL PERINTIS KEMERDEKAAN,BOGOR TENGAH
PASAR SUKASARI,BOGOR,PEMERINTAH DAERAH,PASAR TRADISIONAL,JL SILIWANGI NO 67. EMAIL: SUKASARIPADASUKA@GMAIL.COM.,BOGOR TIMUR
PASAR TANAH BARU,BOGOR,PEMERINTAH DAERAH,PASAR TRADISIONAL,JL JEND. A. YANI NO 143,BOGOR UTARA
PASAR CUMPOK/PADASUKA,BOGOR,PEMERINTAH DAERAH,PASAR TRADISIONAL,JL PADASUKA . KODE POS: 16123. NOMOR TELPON: 02518330313.,BOGOR TENGAH
PASAR LAWANG SAKETENG,BOGOR,PEMERINTAH DAERAH,PASAR TRADISIONAL,JL IR. H. JUANDA NO 76,BOGOR TENGAH
UPTD. PASAR TIPAR GEDE,SUKABUMI,PEMERINTAH DAERAH,PASAR TRADISIONAL,JL TIPAR GEDE. NOMOR TELPON: 085798688484,CITAMIANG
PASAR DEGUNG,SUKABUMI,PEMERINTAH DAERAH,PASAR TRADISIONAL,JL A. R. HAKIM. KODE POS: 43132,WARUDOYONG
PASAR CIKOLE / PASAR GLEDOK / PASAR DEWI SARTIKA,SUKABUMI,PEMERINTAH DAERAH,PASAR TRADISIONAL,JL DEWI SARTIKA,CIKOLE
PASAR PELITA / STASIUN TIMUR,SUKABUMI,PEMERINTAH DAERAH,PASAR TRADISIONAL,JL STASIUN BARAT DAN STASIUN TIMUR. KODE POS: 43111. NOMOR TELPON: 081310508190,CIKOLE
PASAR LEMBURSITU,SUKABUMI,PEMERINTAH DAERAH,PASAR TRADISIONAL,JL PELABUHAN II LEMBURSITU. KODE POS: 43169. NOMOR TELPON: 0. NOMOR FAX: 0. EMAIL: 0. WEBSITE: 0,LEMBURSITU
PASAR PALASARI,BANDUNG,PEMERINTAH DAERAH,PASAR TRADISIONAL,JL PALASARI. NOMOR TELPON: 082116935004.,LENGKONG
PASAR CIJERAH,BANDUNG,PEMERINTAH DAERAH,PASAR TRADISIONAL,JL CIJERAH GIRANG NO.1. NOMOR TELPON: 082117088887.,BANDUNG KULON
PASAR LEUWIPANJANG BANDUNG,BANDUNG,PEMERINTAH DAERAH,PASAR TRADISIONAL,"PS. LEUWI PANJANG, JL LEUWI PANJANG NO.13, SITUSAEUR, KEC. BOJONGLOA KIDUL 40233",BOJONGLOA KIDUL
PASAR PAGARSIH / PASAR ULEKAN,BANDUNG,PEMERINTAH DAERAH,PASAR TRADISIONAL,JL PAGARSIH 161-163. KODE POS: 40241. NOMOR TELPON: 081223224545.,ASTANAANYAR
PASAR BUAH BATU,BANDUNG,PEMERINTAH DAERAH,PASAR TRADISIONAL,JL TERUSAN BUAH BATU NO.236. NOMOR TELPON: 082218001515.,BANDUNG KIDUL
PASAR CIWASTRA,BANDUNG,PEMERINTAH DAERAH,PASAR TRADISIONAL,JL CIWASTRA. KODE POS: 40292. NOMOR TELPON: 08156202257.,RANCASARI
PASAR GEDE BAGE,BANDUNG,PEMERINTAH DAERAH,PASAR TRADISIONAL,JL SUKARNO HATTA. KODE POS: 40212. NOMOR TELPON: (022) 7834588.,PANYILEUKAN
PASAR UJUNG BERUNG,BANDUNG,PEMERINTAH DAERAH,PASAR TRADISIONAL,"JL JENDERAL ABDUL HARIS NASUTION, PASIRWANGI, KEC. UJUNG BERUNG 40618",UJUNG BERUNG
PASAR KIARACONDONG,BANDUNG,PEMERINTAH DAERAH,PASAR TRADISIONAL,JL IBRAHIM ADJIE NO. .,KIARACONDONG
PASAR SAEURAN,BANDUNG,PEMERINTAH DAERAH,PASAR TRADISIONAL,JL JEND GATOT SUBROTO,BATUNUNGGAL
PASAR ANDIR,BANDUNG,PEMERINTAH DAERAH,PASAR TRADISIONAL,JL WARINGIN NO 1. NOMOR TELPON: 02220564808.,ANDIR
PASAR GANG JAVASCRIPT:VOID(0)SALEH,BANDUNG,PEMERINTAH DAERAH,PASAR TRADISIONAL,GG SALAEH ARJUNA.,CICENDO
PASAR CIHAURGEULIS,BANDUNG,PEMERINTAH DAERAH,PASAR TRADISIONAL,"JL SURAPATI, SUKALUYU, KEC. CIBEUNYING KALER 40123",CIBEUNYING KALER
PASAR SARIJADI,BANDUNG,PEMERINTAH DAERAH,PASAR TRADISIONAL,JL SARIASIH NO.59 BANDUNG. NOMOR TELPON: 081312223183.,SUKASARI
PASAR INDUK CARINGIN,BANDUNG,SWASTA,PASAR TRADISIONAL,JL BY PASS SUKARNO HATTA NO. 220. KODE POS: 40223. NOMOR TELPON: 0225404556. NOMOR FAX: 0225423943.,BABAKAN CIPARAY
PASAR BASALAMAH,BANDUNG,PERORANGAN/TIDAK ADA PENGELOLA,PASAR TRADISIONAL,GG BASALAMAH ASTANA ANYAR NO.17. KODE POS: 40241. NOMOR TELPON: 082120715234.,ASTANAANYAR
PASAR MOCH TOHA,BANDUNG,PEMERINTAH DAERAH,PASAR TRADISIONAL,JL PUNGKUR - JL MOCH TOHA - JL DEWI SARTIKA. NOMOR TELPON: 08122253105.,REGOL
PASAR MODERN BATUNUNGGAL INDAH,BANDUNG,SWASTA,PASAR TRADISIONAL,"JL BATUNUNGGAL INDAH II, MENGGER, KEC. BANDUNG KIDUL 40267",BANDUNG KIDUL
PASAR SUMBER HURIP,BANDUNG,SWASTA,PASAR TRADISIONAL,JL RANCA BOLANG NO.3 RT.05 RW.02 BANDUNG. KODE POS: 40295. NOMOR TELPON: 087708781277,RANCASARI
PASAR KOSAMBI,BANDUNG,PEMERINTAH DAERAH,PASAR TRADISIONAL,JL JEND A. YANI NO.321. EMAIL: PSK DOT. KOSAMBI.,SUMUR BANDUNG
PASAR CIROYOM,BANDUNG,PEMERINTAH DAERAH,PASAR TRADISIONAL,JL CIROYOM BARAT GEDUNG PASAR RW 08. NOMOR TELPON: (022) 6032957,ANDIR
PASAR BALUBUR,BANDUNG,PEMERINTAH DAERAH,PASAR TRADISIONAL,JL TAMAN SARI. KODE POS: 40116. NOMOR TELPON: 0818430819.,BANDUNG WETAN
PASAR SADANG SERANG,BANDUNG,PEMERINTAH DAERAH,PASAR TRADISIONAL,"JL MASJID ANNUR NO.9, SADANG SERANG, KEC. COBLONG 40133",COBLONG
PASAR GEGERKALONG,BANDUNG,PEMERINTAH DAERAH,PASAR TRADISIONAL,"UNIT PS. GEGER KALONG, JL GEGERKALONG TENGAH NO.35 A, GEGERKALONG, KEC. SUKASARI 40153",SUKASARI
PASAR CIKASO,BANDUNG,PEMERINTAH DAERAH,PASAR TRADISIONAL,JL CIKASO,CIBEUNYING KIDUL
PASAR TRADISIONAL SIMPANG DAGO,BANDUNG,PEMERINTAH DAERAH,PASAR TRADISIONAL,"JL IR. H. JUANDA NO.181, LEBAKGEDE, KEC. COBLONG 40135",COBLONG
PASAR SEDERHANA / BERMARTABAT,BANDUNG,PEMERINTAH DAERAH,PASAR TRADISIONAL,JL JURANG NO 1. KODE POS: 40161. NOMOR TELPON: 0222038189. NOMOR FAX: 0222033747.,SUKAJADI
PASAR CIGONDEWAH RAHAYU,BANDUNG,SWASTA,PASAR TRADISIONAL,"CIGONDEWAH RAHAYU, KEC. BANDUNG KULON 40215",BANDUNG KULON
PASAR BESI KEBON SIRIH,BANDUNG,PEMERINTAH DAERAH,PASAR TRADISIONAL,JL KEBON SIRIH / JL ACEH NO.24 A.,SUMUR BANDUNG
PASAR TILIL,BANDUNG,PEMERINTAH DAERAH,PASAR TRADISIONAL,"JL PUYUH, SADANG SERANG, KEC. COBLONG. 40133",COBLONG
PASAR CICAHEUM,BANDUNG,PEMERINTAH DAERAH,PASAR TRADISIONAL,JL TERUSAN ANTAPANI LAMA,KIARACONDONG
PASAR ASTANA ANYAR,BANDUNG,PEMERINTAH DAERAH,PASAR TRADISIONAL,"NYENGSERET, KEC. ASTANAANYAR 40242",ASTANAANYAR
PASAR KEMBAR MAS,BANDUNG,SWASTA,PASAR TRADISIONAL,"JL MOCH. TOHA NO.231-233, CISEUREUH, KEC. REGOL 40243",REGOL
PASAR CICADAS,BANDUNG,PEMERINTAH DAERAH,PASAR TRADISIONAL,JL IBRAHIEM ADJIE NO.47,KIARACONDONG
PASAR PAMOYANAN,BANDUNG,PEMERINTAH DAERAH,PASAR TRADISIONAL,JL DURSASANA,CICENDO
PASAR ANCOL KARAPITAN,BANDUNG,PEMERINTAH DAERAH,PASAR TRADISIONAL,"JL CILENTAH, ANCOL, LENGKONG, ANCOL, KEC. REGOL 40251",REGOL
PASAR CIHAPIT,BANDUNG,PEMERINTAH DAERAH,PASAR TRADISIONAL,JL CIHAPIT RT.02 RW.01. KODE POS: 40114.,BANDUNG WETAN
PASAR DRAJAT,CIREBON,SWASTA,PASAR TRADISIONAL,JL PANGERAN DRAJAT. KODE POS: 45133.,KESAMBI
PASAR KRAMAT,CIREBON,PEMERINTAH DAERAH,PASAR TRADISIONAL,JL SILIWANGI. KODE POS: 45121. NOMOR TELPON: 081322048662.,KEJAKSAN
PASAR GUNUNG SARI,CIREBON,PEMERINTAH DAERAH,PASAR TRADISIONAL,JL DOKTOR CIPTO MANGUNKUSUMO. KODE POS: 45131.,KESAMBI
PASAR PUSAT PERDAGANGAN HARJAMUKTI,CIREBON,PEMERINTAH DAERAH,PASAR TRADISIONAL,JL JENDERAL SUDIRMAN. KODE POS: 45143.,HARJAMUKTI
PASAR JAGASATRU,CIREBON,PEMERINTAH DAERAH,PASAR TRADISIONAL,JL KUTAGARA. KODE POS: 45116. NOMOR TELPON: 081320475866.,PEKALIPAN
PASAR KANOMAN,CIREBON,PEMERINTAH DAERAH,PASAR TRADISIONAL,JL KANOMAN. KODE POS: 45117. NOMOR TELPON: 082121344165.,PEKALIPAN
PASAR PAGI,CIREBON,PEMERINTAH DAERAH,PASAR TRADISIONAL,JL SILIWANGI RT 1 RW 3. KODE POS: 45123.,KEJAKSAN
PASAR PERUMNAS,CIREBON,PEMERINTAH DAERAH,PASAR TRADISIONAL,JL CIREMAI RAYA. KODE POS: 45143.,HARJAMUKTI
PASAR BARU KARINA,BEKASI,SWASTA,PASAR TRADISIONAL,JL H. BASYAR NO 6 RT 01 / RW 03 JATI CEMPAKA. KODE POS: 17416. NOMOR TELPON: 081384563247,PONDOKGEDE
PASAR BARU JATI ASIH,BEKASI,PEMERINTAH DAERAH,PASAR TRADISIONAL,JL RAYA JATI ASIH. KODE POS: 17423. NOMOR TELPON: 08158738242,JATISAMPURNA
PASAR BARU JATI WARNA,BEKASI,PEMERINTAH DAERAH,PASAR TRADISIONAL,JL PASAR KECAPI / PASIR JOHAR BARU. KODE POS: 17415,PONDOKMELATI
PASAR BARU JATI ASIH,BEKASI,PEMERINTAH DAERAH,PASAR TRADISIONAL,JL RAYA JATI ASIH (SAMPING KANTOR POS),JATIASIH
PASAR PONDOK TIMUR,BEKASI,SWASTA,PASAR TRADISIONAL,JL BOJONG MENTENG,MUSTIKAJAYA
PASAR BURUNG NAROGONG,BEKASI,PEMERINTAH DAERAH,PASAR TRADISIONAL,JL PENGASINAN. KODE POS: 17115. NOMOR TELPON: 085959808029,RAWALUMBU
PASAR PERTOKOAN KRANJI,BEKASI,PEMERINTAH DAERAH,PASAR TRADISIONAL,JL RAYA KRANJI. KODE POS: 17135.,BEKASI BARAT
PASAR KRANGGAN,BEKASI,PEMERINTAH DAERAH,PASAR TRADISIONAL,JL PASAR KRANGGAN. KODE POS: 17433. NOMOR TELPON: 082111703138,JATISAMPURNA
PASAR KECAPI,BEKASI,PEMERINTAH DAERAH,PASAR TRADISIONAL,JL PASAR KECAPI. KODE POS: 17415. NOMOR TELPON: 081312075572,PONDOKMELATI
PASAR PONDOK TIMUR INDAH,BEKASI,SWASTA,PASAR TRADISIONAL,JL BUNGA DAHLIA 1 NO 93. KODE POS: 17157,MUSTIKAJAYA
PASAR RAWALUMBU,BEKASI,PEMERINTAH DAERAH,PASAR TRADISIONAL,JL DASA DARMA 2. KODE POS: 17115. NOMOR TELPON: (021) 82430278,RAWALUMBU
PASAR PEJUANG,BEKASI,PEMERINTAH DAERAH,PASAR TRADISIONAL,JL RAYA PEJUANG RT 6 RW 8. KODE POS: 17132. NOMOR TELPON: 085714116374,MEDAN SATRIA
PASAR KALIABANG,BEKASI,SWASTA,PASAR TRADISIONAL,JL MAWAR 12,BEKASI UTARA
PASAR ALAM,BEKASI,SWASTA,PASAR TRADISIONAL,"JL ALUN-ALUN SEL., PADURENAN, KEC. MUSTIKA JAYA 16340",MUSTIKAJAYA
PASAR BARU BEKASI,BEKASI,SWASTA,PASAR TRADISIONAL,JL IR. H. JUANDA. KODE POS: 17112. NOMOR TELPON: 085770764532,BEKASI TIMUR
PASAR TANAH MERAH,BEKASI,SWASTA,PASAR TRADISIONAL,JL NARAGONG INDAH. KODE POS: 17116. NOMOR TELPON: 08129814141,RAWALUMBU
PASAR KALIABANG TENGAH/ PASAR SETIASIH,BEKASI,SWASTA,PASAR TRADISIONAL,JL MAWAR 12 KALIABANG. KODE POS: 17125. NOMOR TELPON: 081217487249,BEKASI UTARA
PASAR TELUK BUYUNG,BEKASI,PEMERINTAH DAERAH,PASAR TRADISIONAL,JL PERJUANGAN. KODE POS: 17172. NOMOR TELPON: 081298469284,BEKASI UTARA
PASAR BAHAN HARAPAN BARU,BEKASI,SWASTA,PASAR TRADISIONAL,JL T. CASANDRA 7,BEKASI UTARA
PASAR SUKATANI,DEPOK,PEMERINTAH DAERAH,PASAR TRADISIONAL,JL BUNGA 1 PERUMAHAN HARAPAN BARU TAMN BUNGA. NOMOR TELPON: 08159511163.,TAPOS
PASAR CISALAK,DEPOK,PEMERINTAH DAERAH,PASAR TRADISIONAL,JL GADOG RAYA.,CIMANGGIS
PASAR AGUNG,DEPOK,PEMERINTAH DAERAH,PASAR TRADISIONAL,JL PROKLAMASI RAYA.,SUKMAJAYA
PASAR KEMIRIMUKA,DEPOK,PEMERINTAH DAERAH,PASAR TRADISIONAL,JL MARGONDA RAYANO 3.,BEJI
PASAR MUSI BARU,DEPOK,SWASTA,PASAR TRADISIONAL,JL BANYUASIN LINGKUNGAN CIPAYUNG RT 05 RW 02. NOMOR TELPON: 02177837549.,SUKMAJAYA
PASAR DEPOK JAYA,DEPOK,SWASTA,PASAR TRADISIONAL,JL NUSANTARA RAYA RT 01 / RW 04. KODE POS: 16432. NOMOR TELPON: 0217786231,PANCORAN MAS
PASAR SEGAR CINERE,DEPOK,SWASTA,PASAR TRADISIONAL,JL CINERE RAYA NO 66. KODE POS: 16514. NOMOR TELPON: (021)7542544.,CINERE
PASAR PUCUNG,DEPOK,PERORANGAN/TIDAK ADA PENGELOLA,PASAR TRADISIONAL,JL RAYA JATIMULYA RT 04 RW 04.,CILODONG
PASAR TUGU,DEPOK,PEMERINTAH DAERAH,PASAR TRADISIONAL,JL AKSES UI NO 4,CIMANGGIS
PASAR GREBEK,CIMAHI,PERORANGAN/TIDAK ADA PENGELOLA,PASAR TRADISIONAL,"MELONG, KEC. CIMAHI SEL. 40534",CIMAHI SELATAN
PASAR ATAS BARU,CIMAHI,PEMERINTAH DAERAH,PASAR TRADISIONAL,JL HJ. JULAEHA/ JL PASAR ATAS KOMAS. KODE POS: 40525. NOMOR TELPON: 085351423559.,CIMAHI TENGAH
PASAR ANTRI BARU,CIMAHI,SWASTA,PASAR TRADISIONAL,JL RAYA SRIWIJAYA. KODE POS: 40524. NOMOR TELPON: 0226633892.,CIMAHI TENGAH
PASAR MELONG,CIMAHI,PEMERINTAH DAERAH,PASAR TRADISIONAL,JL TERUSAN SAMBI SARI 4. KODE POS: 40534. NOMOR TELPON: 085223549099.,CIMAHI SELATAN
PASAR BAROS,CIMAHI,SWASTA,PASAR TRADISIONAL,JL RAYA BAROS NO 36. KODE POS: 40521. NOMOR TELPON: 0226641498.,CIMAHI TENGAH
PASAR RANCA BENTANG,CIMAHI,PERORANGAN/TIDAK ADA PENGELOLA,PASAR TRADISIONAL,JL RANCABENTANG NO 149. KODE POS: 40535. NOMOR TELPON: 081395331739.,CIMAHI SELATAN
PASAR CIMINDI RAYA,CIMAHI,PEMERINTAH DAERAH,PASAR TRADISIONAL,JL MAHAR MARTANEGARA RT 05 / RW 08. KODE POS: 40522. NOMOR TELPON: 085352159832. WEBSITE: PASARCIMINDI@GMAIL.COM.,CIMAHI TENGAH
PASAR PAGI TAGOG CIMAHI,CIMAHI,PERORANGAN/TIDAK ADA PENGELOLA,PASAR TRADISIONAL,"JL MARGALUYU, CIMAHI, KEC. CIMAHI TENGAH 40525",CIMAHI TENGAH
PASAR PADAYUNGAN,TASIKMALAYA,PEMERINTAH DAERAH,PASAR TRADISIONAL,JL PERINTIS KEMERDEKAAN NO 12. NOMOR TELPON: (0265) 321026,CIHIDEUNG
PASAR PANCASILA,TASIKMALAYA,PEMERINTAH DAERAH,PASAR TRADISIONAL,JL AHMAD YANI. NOMOR TELPON: (0265) 331730,TAWANG
PASAR INDIHIANG,TASIKMALAYA,PEMERINTAH DAERAH,PASAR TRADISIONAL,JL LETNAN HARUN,INDIHIANG
PASAR NYEMPLONG,TASIKMALAYA,PEMERINTAH DAERAH,PASAR TRADISIONAL,KELURAHAN NSETIAWARGI,TAMANSARI
PASAR CIBEUTI,TASIKMALAYA,PEMERINTAH DAERAH,PASAR TRADISIONAL,JL RAYA CIBEUTI,KAWALU
PASAR CIKURUBUK,TASIKMALAYA,PEMERINTAH DAERAH,PASAR TRADISIONAL,JL RESIDEN ARDIWINANGUN BLOK C1-C2. NOMOR TELPON: (0265) 330395,MANGKUBUMI
PASAR GEGER NOONG,TASIKMALAYA,PEMERINTAH DAERAH,PASAR TRADISIONAL,JL GOBRAS NO 21,TAMANSARI
PASAR SAMPIH,BANJAR,PERORANGAN/TIDAK ADA PENGELOLA,PASAR TRADISIONAL,DSN SINDANGGALIH RT 03 / RW 05. KODE POS: 46344.,LANGENSARI
PASAR BANJAR,BANJAR,PEMERINTAH DAERAH,PASAR TRADISIONAL,JL KEHUTANAN NO 14 RT 2 RW 5 LINGK JADIMULYA. KODE POS: 46322. NOMOR TELPON: 0265741474.,PATARUMAN
PASAR LANGKAPLANCAR,BANJAR,PEMERINTAH DAERAH,PASAR TRADISIONAL,LINGK BOJONGSARI RT 03 / RW 03. KODE POS: 46325.,LANGENSARI
PASAR MUKTISARI,BANJAR,PEMERINTAH DAERAH,PASAR TRADISIONAL,LINGK LANGEN RT 1 RW 1. KODE POS: 46343.,LANGENSARI